exp,key,seed,fp32,qat,int8,params_m,macs_m,int8_mb,best_ep,ece,qat_fused,post_fix,git_hash,git_dirty,drop_qat,drop_convert,drop_total
geometry_controls,alexnet_3x3_fc,42,37.59699463844299,,,57.605128,222.281728,55.125444412231445,437,0.056677223289757966,False,False,120c5da,True,,,
geometry_controls,alexnet_3x3_gap_bn,42,50.109511613845825,49.509793519973755,49.15805757045746,2.304136,167.33184,2.234323501586914,388,0.013058794336020947,True,False,120c5da,True,0.5997180938720703,0.3517359495162964,0.9514540433883667
geometry_controls,alexnet_adapted_2x2_fc,42,35.30634641647339,,,56.354888,129.548288,53.93438911437988,71,0.06629172216579318,False,False,120c5da,True,,,
geometry_controls,alexnet_adapted_2x2_gap,42,43.9973384141922,,,1.052744,74.254336,1.042083740234375,389,0.019082504854723816,False,False,120c5da,True,,,
geometry_controls,alexnet_adapted_orig_fc,42,36.16301417350769,,,57.82324,294.633472,55.333839416503906,483,0.025300357848033306,False,False,120c5da,True,,,
geometry_controls,alexnet_adapted_orig_gap,42,45.49395740032196,,,2.521096,239.33952,2.441526412963867,424,0.017110345355421303,False,False,120c5da,True,,,
geometry_controls,alexnet_bottleneck,42,50.095176696777344,50.0518798828125,49.24216866493225,0.385,39.512064,0.43222999572753906,462,0.030670727047324185,True,False,120c5da,True,0.04329681396484375,0.809711217880249,0.8530080318450928
geometry_controls,alexnet_fire,42,52.27294564247131,52.03956961631775,51.04690194129944,0.516152,177.670144,0.5552425384521484,494,0.05321057887040078,True,False,120c5da,True,0.23337602615356445,0.9926676750183105,1.226043701171875
geometry_factorial,alexnet_adapted_orig_fc_pt,42,43.12324523925781,,,57.82324,294.633472,55.33394813537598,7,0.028532799927890297,False,False,120c5da,True,,,
geometry_factorial,alexnet_geo_s2_p2_drop_fc,42,38.28611969947815,,,57.82324,294.633472,55.33440017700195,476,0.018879358815401794,False,False,120c5da,True,,,
geometry_factorial,alexnet_geo_s2_p3_fc,42,29.74337637424469,,,57.82324,253.024512,55.333974838256836,394,0.09740683843903243,False,False,120c5da,True,,,
geometry_factorial,alexnet_geo_s2_pk2n3_fc,42,35.02624034881592,,,57.82324,294.621184,55.334083557128906,457,0.012243082328140736,False,False,120c5da,True,,,
geometry_factorial,alexnet_geo_s2_pk3n2_fc,42,24.166159331798553,,,57.82324,253.034752,55.333839416503906,414,0.12498936070464553,False,False,120c5da,True,,,
geometry_factorial,alexnet_geo_s4_p2_fc,42,24.984760582447052,,,57.82324,94.870464,55.333730697631836,110,0.06888062283694744,False,False,120c5da,True,,,
geometry_factorial,alexnet_geo_s4_p3_fc,42,24.80289936065674,,,57.82324,94.868416,55.333974838256836,385,0.10634871867522598,False,False,120c5da,True,,,
geometry_factorial,alexnet_geo_s4_p3_fc_k3,42,24.27956312894821,,,57.605128,80.449792,55.126075744628906,219,0.042947195437550545,False,False,120c5da,True,,,
geometry_factorial,alexnet_geo_s4_p3_gap,42,28.494256734848022,,,2.521096,39.574464,2.4416847229003906,352,0.07890259270370006,False,False,120c5da,True,,,
geometry_factorial,alexnet_tv,42,35.903096199035645,,,57.82324,94.868416,55.3337345123291,444,0.013790305994451043,False,False,120c5da,True,,,
geometry_seeds_s43,alexnet_3x3_fc,43,37.19702363014221,,,57.605128,222.281728,55.125444412231445,435,0.04856562642529607,False,False,120c5da,True,,,
geometry_seeds_s43,alexnet_3x3_gap,43,45.560094714164734,,,2.302984,166.987776,2.2332000732421875,422,0.023631600893288855,False,False,120c5da,True,,,
geometry_seeds_s43,alexnet_adapted_orig_fc,43,35.848358273506165,,,57.82324,294.633472,55.333839416503906,464,0.025232015335559844,False,False,120c5da,True,,,
geometry_seeds_s43,alexnet_adapted_orig_gap,43,44.84031796455383,,,2.521096,239.33952,2.441526412963867,440,0.012660816703736782,False,False,120c5da,True,,,
geometry_seeds_s44,alexnet_3x3_fc,44,37.07125186920166,,,57.605128,222.281728,55.125444412231445,438,0.04679270939156412,False,False,120c5da,True,,,
geometry_seeds_s44,alexnet_3x3_gap,44,46.73696756362915,,,2.302984,166.987776,2.2332000732421875,447,0.024055531967803835,False,False,120c5da,True,,,
geometry_seeds_s44,alexnet_adapted_orig_fc,44,36.31564676761627,,,57.82324,294.633472,55.333839416503906,422,0.025835331669449808,False,False,120c5da,True,,,
geometry_seeds_s44,alexnet_adapted_orig_gap,44,46.10309600830078,,,2.521096,239.33952,2.441526412963867,439,0.007952119589969516,False,False,120c5da,True,,,
head_bn_ablation,alexnet_mixed,42,45.2755868434906,,,1.750024,80.792576,1.7057991027832031,377,0.037874446295946836,False,False,120c5da,True,,,
head_bn_ablation,alexnet_mixed_bn,42,48.370155692100525,48.35084080696106,48.18677008152008,1.751176,81.084544,1.7068614959716797,281,0.011905994244292378,True,False,120c5da,True,0.019314885139465332,0.164070725440979,0.18338561058044434
head_bn_ablation,alexnet_mixed_fc,42,37.19713091850281,,,57.052168,136.086528,54.59817314147949,497,0.08563331022411584,False,False,120c5da,True,,,
head_bn_ablation,alexnet_mixed_fc_bn,42,40.00422656536102,39.93176221847534,39.745742082595825,57.05332,136.378496,54.59938049316406,419,0.07464695099629463,True,False,120c5da,True,0.07246434688568115,0.1860201358795166,0.25848448276519775
head_bn_ablation,alexnet_smallkernel_fc,42,45.38733661174774,,,56.90452,515.473408,54.45416450500488,479,0.17277267248556022,False,False,120c5da,True,,,
head_bn_ablation,alexnet_stacked,42,49.319350719451904,,,60.483976,506.085376,57.94136619567871,353,0.0245801648452878,False,False,120c5da,True,,,
head_bn_ablation,alexnet_stacked_fc_nobn,42,0.4999999888241291,,,60.481672,505.397248,57.897090911865234,76,0.0018830024637281895,False,False,120c5da,True,,,
head_bn_ablation,alexnet_stacked_gap,42,53.518879413604736,,,5.181832,450.791424,5.049558639526367,455,0.022433572807908055,False,False,120c5da,True,,,
head_bn_ablation,alexnet_stacked_gap_nobn,42,48.94587993621826,,,5.179528,450.103296,5.004796981811523,455,0.024456208452582357,False,False,120c5da,True,,,
head_bn_ablation,alexnet_tv_mixed_alt_gap,42,27.895838022232056,,,1.605704,31.095808,1.5682964324951172,163,0.04179343435131013,False,False,120c5da,True,,,
head_bn_ablation,alexnet_tv_mixed_early2_gap,42,26.514863967895508,,,1.871944,31.705344,1.8222885131835938,114,0.04272634804919362,False,False,120c5da,True,,,
head_bn_ablation,alexnet_tv_mixed_early3_gap,42,28.27872633934021,,,1.483784,15.81696,1.4521102905273438,424,0.087292418692261,False,False,120c5da,True,,,
kernel_size_comparison,alexnet_tv_2x2,42,25.025999546051025,,,56.354888,71.139584,53.933549880981445,429,0.019280946870148176,False,False,120c5da,True,,,
kernel_size_comparison,alexnet_tv_3x3,42,26.501363515853882,,,57.605128,80.449792,55.125871658325195,413,0.013966002393513921,False,False,120c5da,True,,,
kernel_size_comparison,alexnet_tv_scratch,42,27.505391836166382,,,57.82324,94.868416,55.33408546447754,424,0.029408297051489347,False,False,4e91e77,False,,,
kernel_size_comparison,alexnet_tv_scratch_dead_heinit,42,0.4999999888241291,,,57.82324,94.868416,55.33408546447754,0,0.0009968332014977932,False,False,120c5da,True,,,
kernel_size_comparison,vgg16,42,47.71053194999695,,,135.084168,1375.356928,129.14983558654785,473,0.04174899864681064,False,False,29dcc9c,True,,,
kernel_size_comparison,vgg16_2x2,42,54.263997077941895,,,126.911688,740.302976,121.35651588439941,449,0.06353945492133498,False,False,3ee4b9d,True,,,
kernel_size_comparison,vgg16_original,42,47.71053194999695,,,135.084168,1375.356928,129.14971351623535,473,0.04174899864681064,False,False,688bd0f,True,,,
mixed_kernel_comparison,alexnet_2x2_gap,42,40.27058482170105,,,1.052744,36.542464,1.0408782958984375,453,0.014521469395235178,False,False,120c5da,True,,,
mixed_kernel_comparison,alexnet_3x3_gap,42,46.81740403175354,,,2.302984,166.987776,2.2332000732421875,375,0.016449263914674522,False,False,120c5da,True,,,
mixed_kernel_comparison,alexnet_mixed_preheinit,42,45.46157717704773,,,1.750024,80.792576,1.7057991027832031,420,0.010036313978955151,False,False,7ce8fe1,True,,,
mixed_kernel_comparison,alexnet_smallkernel,42,50.50237774848938,,,1.602376,460.179456,1.5618057250976562,380,0.01249606174752116,False,False,120c5da,True,,,
mixed_kernel_comparison,alexnet_stacked_preheinit,42,49.602872133255005,,,60.483976,506.085376,57.94136619567871,486,0.019984184777922926,False,False,120c5da,True,,,
mixed_kernel_comparison,alexnet_tv_mixed_alt,42,24.820025265216827,,,56.907848,86.38976,54.461172103881836,410,0.03473512286990882,False,False,120c5da,True,,,
mixed_kernel_comparison,alexnet_tv_mixed_early2,42,24.574176967144012,,,57.174088,86.999296,54.715187072753906,377,0.022635636689513915,False,False,120c5da,True,,,
mixed_kernel_comparison,alexnet_tv_mixed_early2_dead_seed42,42,0.4999999888241291,,,57.174088,86.999296,54.715187072753906,1,0.0017130507621914148,False,False,120c5da,True,,,
mixed_kernel_comparison,alexnet_tv_mixed_early3,42,26.241952180862427,,,56.785928,71.110912,54.345008850097656,392,0.01564038613587618,False,False,120c5da,True,,,
