factor,contrast,n_pairs,macs_pct,params_pct,fp32_n,fp32_median,fp32_q25,fp32_q75,fp32_n_positive,int8_n,int8_median,int8_q25,int8_q75,int8_n_positive,dqat_n,dqat_median,dqat_q25,dqat_q75,dqat_n_positive
kernel,Kernel 11-5-3-3-3 → 3×3,3,-24.55652560751821,-0.37720473636551066,3,1.3234466314315796,0.4000551998615265,1.3787135481834412,2,0,,,,0,0,,,,0
kernel,Kernel 3×3 → 2×2,2,-48.62597378093761,-28.229095323099923,2,-2.5553569197654724,-2.6877112686634064,-2.4230025708675385,0,0,,,,0,0,,,,0
kernel,Kernel 11-5-3-3-3 → 2×2,2,-62.50300452640398,-30.3909929784,2,-1.1766433715820312,-1.336631178855896,-1.0166555643081665,0,0,,,,0,0,,,,0
head,Cabeça FC → GAP,4,-33.778867209060174,-95.82105753980818,4,8.955700695514679,7.441083341836929,9.248042851686478,4,0,,,,0,0,,,,0
bn,BatchNorm não → sim,1,0.20604142904447897,0.05002205833823936,1,3.292107582092285,3.292107582092285,3.292107582092285,1,0,,,,0,0,,,,0
stride,Stride do stem 4 → 2,2,188.6374869219136,0.0,2,8.059365302324295,6.499921157956123,9.618809446692467,2,0,,,,0,0,,,,0
pool_k,Kernel do pool 3 → 2,2,16.43985159663499,0.0,2,8.639859408140182,6.961361691355705,10.31835712492466,2,0,,,,0,0,,,,0
pool_n,Nº de pools 3 → 2,2,0.004108909124933557,0.0,2,-2.220221608877182,-3.8987193256616592,-0.5417238920927048,1,0,,,,0,0,,,,0
drop,"Dropout 0 → 0,5 (FC)",2,0.0,0.0,2,2.4127990007400513,2.267952263355255,2.5576457381248474,2,0,,,,0,0,,,,0
pt,"Pré-treino ImageNet (11-5-3, FC, sem BN)",2,0.0,0.0,2,7.678967714309692,7.319599390029907,8.038336038589478,2,0,,,,0,0,,,,0
