cell,kernel,stride,pool_k,pool_n,head,bn,drop,pt,fp32,int8,params_m,macs_m,dqat
alexnet_fx_orig_s2_pk2n2_fc,orig,2,2,2,fc,False,False,False,36.16301417350769,,57.82324,294.633472,
alexnet_fx_orig_s2_pk2n2_fc_pt,orig,2,2,2,fc,False,False,True,43.12324523925781,,57.82324,294.633472,
alexnet_fx_orig_s2_pk2n2_fc_d,orig,2,2,2,fc,False,True,False,38.28611969947815,,57.82324,294.633472,
alexnet_fx_orig_s2_pk2n2_gap,orig,2,2,2,gap,False,False,False,45.49395740032196,,2.521096,239.33952,
alexnet_fx_orig_s2_pk2n3_fc,orig,2,2,3,fc,False,False,False,35.02624034881592,,57.82324,294.621184,
alexnet_fx_orig_s2_pk3n2_fc,orig,2,3,2,fc,False,False,False,24.166159331798553,,57.82324,253.034752,
alexnet_fx_orig_s2_pk3n3_fc,orig,2,3,3,fc,False,False,False,29.74337637424469,,57.82324,253.024512,
alexnet_fx_orig_s4_pk2n2_fc,orig,4,2,2,fc,False,False,False,24.984760582447052,,57.82324,94.870464,
alexnet_fx_orig_s4_pk3n3_fc,orig,4,3,3,fc,False,False,False,24.80289936065674,,57.82324,94.868416,
alexnet_fx_orig_s4_pk3n3_fc_d,orig,4,3,3,fc,False,True,False,27.505391836166382,,57.82324,94.868416,
alexnet_fx_orig_s4_pk3n3_fc_d_pt,orig,4,3,3,fc,False,True,True,35.903096199035645,,57.82324,94.868416,
alexnet_fx_orig_s4_pk3n3_gap,orig,4,3,3,gap,False,False,False,28.494256734848022,,2.521096,39.574464,
alexnet_fx_k3_s2_pk2n2_fc,k3,2,2,2,fc,False,False,False,37.59699463844299,,57.605128,222.281728,
alexnet_fx_k3_s2_pk2n2_gap,k3,2,2,2,gap,False,False,False,46.81740403175354,,2.302984,166.987776,
alexnet_fx_k3_s2_pk2n2_gap_bn,k3,2,2,2,gap,True,False,False,50.109511613845825,49.15805757045746,2.304136,167.33184,-0.9514540433883667
alexnet_fx_k3_s4_pk3n3_fc,k3,4,3,3,fc,False,False,False,24.27956312894821,,57.605128,80.449792,
alexnet_fx_k2_s2_pk2n2_fc,k2,2,2,2,fc,False,False,False,35.30634641647339,,56.354888,129.548288,
alexnet_fx_k2_s2_pk2n2_gap,k2,2,2,2,gap,False,False,False,43.9973384141922,,1.052744,74.254336,
