exp,key,seed,fp32,qat,int8,qat_raw,int8_raw,params_m,macs_m,fp32_mb,int8_mb,best_ep,ece,qat_fused,post_fix,git_hash,git_dirty,drop_qat,drop_convert,drop_total,drop_qat_raw,drop_convert_raw
geometry_controls,alexnet_3x3_fc,42,37.59699463844299,,,35.57913303375244,34.59872603416443,57.605128,222.281728,219.75125694274902,55.125444412231445,437,0.056677223289757966,False,False,120c5da,True,,,,2.0178616046905518,0.9804069995880127
geometry_controls,alexnet_3x3_gap_bn,42,50.109511613845825,,,49.509793519973755,49.15805757045746,2.304136,167.33184,8.807912826538086,2.234323501586914,388,0.013058794336020947,True,False,120c5da,True,,,,0.5997180938720703,0.3517359495162964
geometry_controls,alexnet_adapted_2x2_fc,42,35.30634641647339,,,34.42925810813904,33.75437259674072,56.354888,129.548288,214.98203086853027,53.93438911437988,71,0.06629172216579318,False,False,120c5da,True,,,,0.8770883083343506,0.6748855113983154
geometry_controls,alexnet_adapted_2x2_gap,42,43.9973384141922,,,40.89992046356201,32.38213658332825,1.052744,74.254336,4.01994514465332,1.042083740234375,389,0.019082504854723816,False,False,120c5da,True,,,,3.097417950630188,8.517783880233765
geometry_controls,alexnet_adapted_orig_fc,42,36.16301417350769,,,32.3961079120636,30.969718098640442,57.82324,294.633472,220.58328819274902,55.333839416503906,483,0.025300357848033306,False,False,120c5da,True,,,,3.766906261444092,1.4263898134231567
geometry_controls,alexnet_adapted_orig_gap,42,45.49395740032196,,,44.78577375411987,31.511422991752625,2.521096,239.33952,9.62120246887207,2.441526412963867,424,0.017110345355421303,False,False,120c5da,True,,,,0.7081836462020874,13.274350762367249
geometry_controls,alexnet_bottleneck,42,50.095176696777344,,,50.0518798828125,49.24216866493225,0.385,39.512064,1.5106220245361328,0.43222999572753906,462,0.030670727047324185,True,False,120c5da,True,,,,0.04329681396484375,0.809711217880249
geometry_controls,alexnet_fire,42,52.27294564247131,,,52.03956961631775,51.04690194129944,0.516152,177.670144,2.009584426879883,0.5552425384521484,494,0.05321057887040078,True,False,120c5da,True,,,,0.23337602615356445,0.9926676750183105
geometry_factorial,alexnet_adapted_orig_fc_pt,42,43.12324523925781,,,48.81011247634888,48.23794662952423,57.82324,294.633472,220.58328819274902,55.33394813537598,7,0.028532799927890297,False,False,120c5da,True,,,,-5.6868672370910645,0.572165846824646
geometry_factorial,alexnet_geo_s2_p2_drop_fc,42,38.28611969947815,,,35.11607348918915,33.88186991214752,57.82324,294.633472,220.58328819274902,55.33440017700195,476,0.018879358815401794,False,False,120c5da,True,,,,3.1700462102890015,1.234203577041626
geometry_factorial,alexnet_geo_s2_p3_fc,42,29.74337637424469,,,27.619469165802002,27.11169719696045,57.82324,253.024512,220.58328819274902,55.333974838256836,394,0.09740683843903243,False,False,120c5da,True,,,,2.123907208442688,0.5077719688415527
geometry_factorial,alexnet_geo_s2_pk2n3_fc,42,35.02624034881592,,,31.944358348846436,31.33174479007721,57.82324,294.621184,220.58328819274902,55.334083557128906,457,0.012243082328140736,False,False,120c5da,True,,,,3.0818819999694824,0.6126135587692261
geometry_factorial,alexnet_geo_s2_pk3n2_fc,42,24.166159331798553,,,21.961520612239838,20.69055587053299,57.82324,253.034752,220.58328819274902,55.333839416503906,414,0.12498936070464553,False,False,120c5da,True,,,,2.204638719558716,1.2709647417068481
geometry_factorial,alexnet_geo_s4_p2_fc,42,24.984760582447052,,,25.43855309486389,25.182926654815674,57.82324,94.870464,220.58328819274902,55.333730697631836,110,0.06888062283694744,False,False,120c5da,True,,,,-0.4537925124168396,0.2556264400482178
geometry_factorial,alexnet_geo_s4_p3_fc,42,24.80289936065674,,,22.00368046760559,21.515975892543793,57.82324,94.868416,220.58328819274902,55.333974838256836,385,0.10634871867522598,False,False,120c5da,True,,,,2.7992188930511475,0.4877045750617981
geometry_factorial,alexnet_geo_s4_p3_fc_k3,42,24.27956312894821,,,24.11833554506302,23.282228410243988,57.605128,80.449792,219.75125694274902,55.126075744628906,219,0.042947195437550545,False,False,120c5da,True,,,,0.16122758388519287,0.8361071348190308
geometry_factorial,alexnet_geo_s4_p3_gap,42,28.494256734848022,,,27.785226702690125,27.310827374458313,2.521096,39.574464,9.62120246887207,2.4416847229003906,352,0.07890259270370006,False,False,120c5da,True,,,,0.709030032157898,0.4743993282318115
geometry_factorial,alexnet_tv,42,35.903096199035645,,,32.64193534851074,32.535237073898315,57.82324,94.868416,220.58328819274902,55.3337345123291,444,0.013790305994451043,False,False,120c5da,True,,,,3.2611608505249023,0.10669827461242676
geometry_seeds_s43,alexnet_3x3_fc,43,37.19702363014221,,,35.656434297561646,34.786418080329895,57.605128,222.281728,219.75125694274902,55.125444412231445,435,0.04856562642529607,False,False,120c5da,True,,,,1.5405893325805664,0.8700162172317505
geometry_seeds_s43,alexnet_3x3_gap,43,45.560094714164734,,,44.82609033584595,34.2206597328186,2.302984,166.987776,8.78917121887207,2.2332000732421875,422,0.023631600893288855,False,False,120c5da,True,,,,0.7340043783187866,10.605430603027344
geometry_seeds_s43,alexnet_adapted_orig_fc,43,35.848358273506165,,,33.44210684299469,32.32836723327637,57.82324,294.633472,220.58328819274902,55.333839416503906,464,0.025232015335559844,False,False,120c5da,True,,,,2.4062514305114746,1.1137396097183228
geometry_seeds_s43,alexnet_adapted_orig_gap,43,44.84031796455383,,,43.830615282058716,30.48306107521057,2.521096,239.33952,9.62120246887207,2.441526412963867,440,0.012660816703736782,False,False,120c5da,True,,,,1.0097026824951172,13.347554206848145
geometry_seeds_s44,alexnet_3x3_fc,44,37.07125186920166,,,35.10997295379639,34.06454920768738,57.605128,222.281728,219.75125694274902,55.125444412231445,438,0.04679270939156412,False,False,120c5da,True,,,,1.9612789154052734,1.0454237461090088
geometry_seeds_s44,alexnet_3x3_gap,44,46.73696756362915,,,45.28327286243439,33.95385146141052,2.302984,166.987776,8.78917121887207,2.2332000732421875,447,0.024055531967803835,False,False,120c5da,True,,,,1.4536947011947632,11.329421401023865
geometry_seeds_s44,alexnet_adapted_orig_fc,44,36.31564676761627,,,34.06265377998352,32.676005363464355,57.82324,294.633472,220.58328819274902,55.333839416503906,422,0.025835331669449808,False,False,120c5da,True,,,,2.2529929876327515,1.386648416519165
geometry_seeds_s44,alexnet_adapted_orig_gap,44,46.10309600830078,,,45.038941502571106,28.584548830986023,2.521096,239.33952,9.62120246887207,2.441526412963867,439,0.007952119589969516,False,False,120c5da,True,,,,1.0641545057296753,16.454392671585083
head_bn_ablation,alexnet_mixed,42,45.2755868434906,,,44.502294063568115,38.565826416015625,1.750024,80.792576,6.67979621887207,1.7057991027832031,377,0.037874446295946836,False,False,120c5da,True,,,,0.7732927799224854,5.93646764755249
head_bn_ablation,alexnet_mixed_bn,42,48.370155692100525,,,48.35084080696106,48.18677008152008,1.751176,81.084544,6.698537826538086,1.7068614959716797,281,0.011905994244292378,True,False,120c5da,True,,,,0.019314885139465332,0.164070725440979
head_bn_ablation,alexnet_mixed_fc,42,37.19713091850281,,,35.65602898597717,35.29967665672302,57.052168,136.086528,217.64188194274902,54.59817314147949,497,0.08563331022411584,False,False,120c5da,True,,,,1.5411019325256348,0.3563523292541504
head_bn_ablation,alexnet_mixed_fc_bn,42,40.00422656536102,,,39.93176221847534,39.745742082595825,57.05332,136.378496,217.66074562072754,54.59938049316406,419,0.07464695099629463,True,False,120c5da,True,,,,0.07246434688568115,0.1860201358795166
head_bn_ablation,alexnet_smallkernel_fc,42,45.38733661174774,,,43.43717098236084,41.82265102863312,56.90452,515.473408,217.07864952087402,54.45416450500488,479,0.17277267248556022,False,False,120c5da,True,,,,1.9501656293869019,1.6145199537277222
head_bn_ablation,alexnet_stacked,42,49.319350719451904,,,48.42073321342468,45.944744348526,60.483976,506.085376,230.7653350830078,57.94136619567871,353,0.0245801648452878,False,False,120c5da,True,,,,0.8986175060272217,2.4759888648986816
head_bn_ablation,alexnet_stacked_fc_nobn,42,0.4999999888241291,,,0.4999999888241291,0.4999999888241291,60.481672,505.397248,230.72730255126953,57.897090911865234,76,0.0018830024637281895,False,False,120c5da,True,,,,0.0,0.0
head_bn_ablation,alexnet_stacked_gap,42,53.518879413604736,,,53.13876271247864,52.54436731338501,5.181832,450.791424,19.80312728881836,5.049558639526367,455,0.022433572807908055,False,False,120c5da,True,,,,0.38011670112609863,0.5943953990936279
head_bn_ablation,alexnet_stacked_gap_nobn,42,48.94587993621826,,,47.92700111865997,26.321718096733093,5.179528,450.103296,19.765155792236328,5.004796981811523,455,0.024456208452582357,False,False,120c5da,True,,,,1.0188788175582886,21.60528302192688
head_bn_ablation,alexnet_tv_mixed_alt_gap,42,27.895838022232056,,,27.468958497047424,26.976653933525085,1.605704,31.095808,6.12919807434082,1.5682964324951172,163,0.04179343435131013,False,False,120c5da,True,,,,0.42687952518463135,0.49230456352233887
head_bn_ablation,alexnet_tv_mixed_early2_gap,42,26.514863967895508,,,26.93394422531128,26.479989290237427,1.871944,31.705344,7.14482307434082,1.8222885131835938,114,0.04272634804919362,False,False,120c5da,True,,,,-0.4190802574157715,0.45395493507385254
head_bn_ablation,alexnet_tv_mixed_early3_gap,42,28.27872633934021,,,27.65980362892151,27.437004446983337,1.483784,15.81696,5.66411018371582,1.4521102905273438,424,0.087292418692261,False,False,120c5da,True,,,,0.6189227104187012,0.2227991819381714
kernel_size_comparison,alexnet_tv_2x2,42,25.025999546051025,,,24.2618590593338,23.960210382938385,56.354888,71.139584,214.98196983337402,53.933549880981445,429,0.019280946870148176,False,False,120c5da,True,,,,0.7641404867172241,0.30164867639541626
kernel_size_comparison,alexnet_tv_3x3,42,26.501363515853882,,,25.851482152938843,24.91789609193802,57.605128,80.449792,219.75125694274902,55.125871658325195,413,0.013966002393513921,False,False,120c5da,True,,,,0.6498813629150391,0.933586061000824
kernel_size_comparison,alexnet_tv_scratch,42,27.505391836166382,,,23.546940088272095,22.909969091415405,57.82324,94.868416,220.58328819274902,55.33408546447754,424,0.029408297051489347,False,False,4e91e77,False,,,,3.958451747894287,0.6369709968566895
kernel_size_comparison,alexnet_tv_scratch_dead_heinit,42,0.4999999888241291,,,0.4999999888241291,0.4999999888241291,57.82324,94.868416,220.58328819274902,55.33408546447754,0,0.0009968332014977932,False,False,120c5da,True,,,,0.0,0.0
kernel_size_comparison,vgg16,42,47.71053194999695,,,44.650450348854065,44.77246701717377,135.084168,1375.356928,515.3626346588135,129.14983558654785,473,0.04174899864681064,False,False,29dcc9c,True,,,,3.0600816011428833,-0.12201666831970215
kernel_size_comparison,vgg16_2x2,42,54.263997077941895,,,49.069344997406006,48.361557722091675,126.911688,740.302976,484.1870975494385,121.35651588439941,449,0.06353945492133498,False,False,3ee4b9d,True,,,,5.194652080535889,0.707787275314331
kernel_size_comparison,vgg16_original,42,47.71053194999695,,,0.4999999888241291,0.4999999888241291,135.084168,1375.356928,515.3626346588135,129.14971351623535,473,0.04174899864681064,False,False,688bd0f,True,,,,47.21053196117282,0.0
mixed_kernel_comparison,alexnet_2x2_gap,42,40.27058482170105,,,39.03420269489288,37.983307242393494,1.052744,36.542464,4.01988410949707,1.0408782958984375,453,0.014521469395235178,False,False,120c5da,True,,,,1.2363821268081665,1.0508954524993896
mixed_kernel_comparison,alexnet_3x3_gap,42,46.81740403175354,,,46.12547159194946,35.523492097854614,2.302984,166.987776,8.78917121887207,2.2332000732421875,375,0.016449263914674522,False,False,120c5da,True,,,,0.6919324398040771,10.601979494094849
mixed_kernel_comparison,alexnet_mixed_preheinit,42,45.46157717704773,,,44.761136174201965,39.82022404670715,1.750024,80.792576,6.67979621887207,1.7057991027832031,420,0.010036313978955151,False,False,7ce8fe1,True,,,,0.7004410028457642,4.940912127494812
mixed_kernel_comparison,alexnet_smallkernel,42,50.50237774848938,,,49.680355191230774,25.124701857566833,1.602376,460.179456,6.11656379699707,1.5618057250976562,380,0.01249606174752116,False,False,120c5da,True,,,,0.822022557258606,24.55565333366394
mixed_kernel_comparison,alexnet_stacked_preheinit,42,49.602872133255005,,,48.89559745788574,46.62688672542572,60.483976,506.085376,230.7653350830078,57.94136619567871,486,0.019984184777922926,False,False,120c5da,True,,,,0.7072746753692627,2.268710732460022
mixed_kernel_comparison,alexnet_tv_mixed_alt,42,24.820025265216827,,,23.95174652338028,23.720568418502808,56.907848,86.38976,217.09134483337402,54.461172103881836,410,0.03473512286990882,False,False,120c5da,True,,,,0.8682787418365479,0.23117810487747192
mixed_kernel_comparison,alexnet_tv_mixed_early2,42,24.574176967144012,,,23.983903229236603,23.556610941886902,57.174088,86.999296,218.10696983337402,54.715187072753906,377,0.022635636689513915,False,False,120c5da,True,,,,0.5902737379074097,0.4272922873497009
mixed_kernel_comparison,alexnet_tv_mixed_early2_dead_seed42,42,0.4999999888241291,,,0.4999999888241291,0.4999999888241291,57.174088,86.999296,218.10696983337402,54.715187072753906,1,0.0017130507621914148,False,False,120c5da,True,,,,0.0,0.0
mixed_kernel_comparison,alexnet_tv_mixed_early3,42,26.241952180862427,,,24.28804337978363,23.562979698181152,56.785928,71.110912,216.62625694274902,54.345008850097656,392,0.01564038613587618,False,False,120c5da,True,,,,1.9539088010787964,0.725063681602478
