factor,contrast,A,B,n_seeds,d_fp32,d_fp32_seeds,d_int8,d_int8_seeds,d_int8_raw,fp32_A,int8_A,int8_raw_A,fp32_B,int8_B,int8_raw_B,macs_change_pct,params_change_pct,note
Kernel,64px · FC: 11-5-3-3-3 → 3×3,alexnet_adapted_orig_fc,alexnet_3x3_fc,3,1.1794169743855794,+1.43 / +1.35 / +0.76,,+nan / +nan / +nan,2.4918675422668457,36.10900640487671,,31.991363565127056,37.28842337926229,,34.4832311073939,-24.55652560751821,-0.37720473636551066,
Kernel,64px · GAP: 11-5-3-3-3 → 3×3,alexnet_adapted_orig_gap,alexnet_3x3_gap,3,0.8923649787902832,+1.32 / +0.72 / +0.63,,+nan / +nan / +nan,4.372990131378174,45.47912379105886,,30.193010965983074,46.371488769849144,,34.566001097361244,-30.229752278269796,-8.651475390068452,
Kernel,64px · FC: 3×3 → 2×2,alexnet_3x3_fc,alexnet_adapted_2x2_fc,1,-2.2906482219696045,-2.29,,+nan,-0.844353437423706,37.59699463844299,,34.59872603416443,35.30634641647339,,33.75437259674072,-41.7188766860765,-2.1703623330200705,
Kernel,64px · GAP: 3×3 → 2×2,alexnet_3x3_gap,alexnet_adapted_2x2_gap,1,-2.8200656175613403,-2.82,,+nan,-3.141355514526367,46.81740403175354,,35.523492097854614,43.9973384141922,,32.38213658332825,-55.53307087579872,-54.28782831317977,
Kernel,original sem Dropout · FC: 11-5-3-3-3 → 3×3,alexnet_geo_s4_p3_fc,alexnet_geo_s4_p3_fc_k3,1,-0.5233362317085266,-0.52,,+nan,1.7662525177001953,24.80289936065674,,21.515975892543793,24.27956312894821,,23.282228410243988,-15.198550379506703,-0.37720473636551066,
Cabeça (FC → GAP),64px · 3×3,alexnet_3x3_fc,alexnet_3x3_gap,3,9.083065390586853,+9.22 / +8.36 / +9.67,,+nan / +nan / +nan,0.08276998996734619,37.28842337926229,,34.4832311073939,46.371488769849144,,34.566001097361244,-24.875617306700082,-96.00211981127791,
Cabeça (FC → GAP),64px · 11-5-3-3-3,alexnet_adapted_orig_fc,alexnet_adapted_orig_gap,3,9.37011738618215,+9.33 / +8.99 / +9.79,,+nan / +nan / +nan,-1.798352599143982,36.10900640487671,,31.991363565127056,45.47912379105886,,30.193010965983074,-18.767029972752034,-95.63999526833847,
Cabeça (FC → GAP),64px · 2×2,alexnet_adapted_2x2_fc,alexnet_adapted_2x2_gap,1,8.690991997718811,+8.69,,+nan,-1.3722360134124756,35.30634641647339,,33.75437259674072,43.9973384141922,,32.38213658332825,-42.68211711142027,-98.13193843983862,
Cabeça (FC → GAP),64px · misto 3-2-3-2-3 · sem BN,alexnet_mixed_fc,alexnet_mixed,1,8.078455924987793,+8.08,,+nan,3.2661497592926025,37.19713091850281,,35.29967665672302,45.2755868434906,,38.565826416015625,-40.63146647403628,-96.93258983602516,init He nos dois
Cabeça (FC → GAP),64px · misto 3-2-3-2-3 · com BN,alexnet_mixed_fc_bn,alexnet_mixed_bn,1,8.365929126739502,+8.37,,+nan,8.441027998924255,40.00422656536102,,39.745742082595825,48.370155692100525,,48.18677008152008,-40.54447997432089,-96.93063260823385,init He nos dois
Cabeça (FC → GAP),64px · 3×3 empilhado (2 convs/estágio) · com BN,alexnet_stacked,alexnet_stacked_gap,1,4.199528694152832,+4.20,,+nan,6.599622964859009,49.319350719451904,,45.944744348526,53.518879413604736,,52.54436731338501,-10.925815015053896,-91.43271930403517,init He nos dois
Cabeça (FC → GAP),"3×3 estreito, conv1 stride 1",alexnet_smallkernel_fc,alexnet_smallkernel,1,5.115041136741638,+5.12,,+nan,-16.697949171066284,45.38733661174774,,41.82265102863312,50.50237774848938,,25.124701857566833,-10.726829190769804,-97.1840971508063,"AlexNetSmallKernel (canais 64→256), init He nos dois"
Cabeça (FC → GAP),original sem Dropout · 11-5-3-3-3,alexnet_geo_s4_p3_fc,alexnet_geo_s4_p3_gap,1,3.691357374191284,+3.69,,+nan,5.79485148191452,24.80289936065674,,21.515975892543793,28.494256734848022,,27.310827374458313,-58.284890094507325,-95.63999526833847,
Cabeça (FC → GAP),original · misto 3-3-3-2-2†,alexnet_tv_mixed_early3,alexnet_tv_mixed_early3_gap,1,2.036774158477783,+2.04,,+nan,3.874024748802185,26.241952180862427,,23.562979698181152,28.27872633934021,,27.437004446983337,-77.75733772054562,-97.38705687789412,"a FC do torchvision tem Dropout, que sai junto; init He nos dois"
Cabeça (FC → GAP),original · misto 2-3-2-3-2†,alexnet_tv_mixed_alt,alexnet_tv_mixed_alt_gap,1,3.0758127570152283,+3.08,,+nan,3.256085515022278,24.820025265216827,,23.720568418502808,27.895838022232056,,26.976653933525085,-64.0052154329402,-97.1784137751967,"a FC do torchvision tem Dropout, que sai junto; init He nos dois"
Cabeça (FC → GAP),original · misto 2-2-2-3-3†,alexnet_tv_mixed_early2,alexnet_tv_mixed_early2_gap,1,1.9406870007514954,+1.94,,+nan,2.923378348350525,24.574176967144012,,23.556610941886902,26.514863967895508,,26.479989290237427,-63.556780965216085,-96.7258874334821,"a FC do torchvision tem Dropout, que sai junto; init He nos dois"
Stride da conv1 (4 → 2),com 3 max-pools 3×3/2 (os do layout original),alexnet_geo_s4_p3_fc,alexnet_geo_s2_p3_fc,1,4.940477013587952,+4.94,,+nan,5.5957213044166565,24.80289936065674,,21.515975892543793,29.74337637424469,,27.11169719696045,166.71101159736872,0.0,
Stride da conv1 (4 → 2),com 2 max-pools 2×2 (os do layout 64px),alexnet_geo_s4_p2_fc,alexnet_adapted_orig_fc,1,11.178253591060638,+11.18,,+nan,5.786791443824768,24.984760582447052,,25.182926654815674,36.16301417350769,,30.969718098640442,210.5639622464585,0.0,
Pooling,conv1 stride 4: 3 pools 3×3 → 2 pools 2×2,alexnet_geo_s4_p3_fc,alexnet_geo_s4_p2_fc,1,0.18186122179031372,+0.18,,+nan,3.666950762271881,24.80289936065674,,21.515975892543793,24.984760582447052,,25.182926654815674,0.0021587795879352,0.0,
Pooling,conv1 stride 2: 3 pools 3×3 → 2 pools 2×2,alexnet_geo_s2_p3_fc,alexnet_adapted_orig_fc,1,6.4196377992630005,+6.42,,+nan,3.8580209016799927,29.74337637424469,,27.11169719696045,36.16301417350769,,30.969718098640442,16.444636004277726,0.0,
Pooling,"conv1 stride 2, 3 pools: janela 3×3 → 2×2",alexnet_geo_s2_p3_fc,alexnet_geo_s2_pk2n3_fc,1,5.282863974571228,+5.28,,+nan,4.22004759311676,29.74337637424469,,27.11169719696045,35.02624034881592,,31.33174479007721,16.43977955780034,0.0,
Pooling,"conv1 stride 2, janela 2×2: 3 → 2 pools",alexnet_geo_s2_pk2n3_fc,alexnet_adapted_orig_fc,1,1.1367738246917725,+1.14,,+nan,-0.3620266914367676,35.02624034881592,,31.33174479007721,36.16301417350769,,30.969718098640442,0.004170779518686274,0.0,
Pooling,"conv1 stride 2, janela 3×3: 3 → 2 pools",alexnet_geo_s2_p3_fc,alexnet_geo_s2_pk3n2_fc,1,-5.5772170424461365,-5.58,,+nan,-6.42114132642746,29.74337637424469,,27.11169719696045,24.166159331798553,,20.69055587053299,0.004047038731180841,0.0,
"Dropout (0 → 0,5)",64px · 11-5-3-3-3 · FC,alexnet_adapted_orig_fc,alexnet_geo_s2_p2_drop_fc,1,2.123105525970459,+2.12,,+nan,2.91215181350708,36.16301417350769,,30.969718098640442,38.28611969947815,,33.88186991214752,0.0,0.0,
"Dropout (0 → 0,5)",original · 11-5-3-3-3 · FC†,alexnet_geo_s4_p3_fc,alexnet_tv_scratch,1,2.7024924755096436,+2.70,,+nan,1.3939931988716125,24.80289936065674,,21.515975892543793,27.505391836166382,,22.909969091415405,0.0,0.0,B é o run antigo da AlexNet original (job 821243); init padrão nos dois
Pré-treino ImageNet (não → sim),original · 11-5-3-3-3 · FC + Dropout†,alexnet_tv_scratch,alexnet_tv,1,8.397704362869263,+8.40,,+nan,9.62526798248291,27.505391836166382,,22.909969091415405,35.903096199035645,,32.535237073898315,0.0,0.0,A é o run antigo da AlexNet original
Pré-treino ImageNet (não → sim),64px · 11-5-3-3-3 · FC†,alexnet_adapted_orig_fc,alexnet_adapted_orig_fc_pt,1,6.960231065750122,+6.96,,+nan,17.26822853088379,36.16301417350769,,30.969718098640442,43.12324523925781,,48.23794662952423,0.0,0.0,"melhor época do FP32 = 7; depois o QAT (lr 1e-5) ainda sobe +5,7pp"
BatchNorm (sem → com),64px · 3×3 · GAP,alexnet_3x3_gap,alexnet_3x3_gap_bn,1,3.292107582092285,+3.29,,+nan,13.634565472602844,46.81740403175354,,35.523492097854614,50.109511613845825,,49.15805757045746,0.20604142904447897,0.05002205833823936,
BatchNorm (sem → com),64px · misto 3-2-3-2-3 · GAP,alexnet_mixed,alexnet_mixed_bn,1,3.0945688486099243,+3.09,,+nan,9.620943665504456,45.2755868434906,,38.565826416015625,48.370155692100525,,48.18677008152008,0.3613797386532003,0.06582766864910994,init He nos dois
BatchNorm (sem → com),64px · misto 3-2-3-2-3 · FC,alexnet_mixed_fc,alexnet_mixed_fc_bn,1,2.8070956468582153,+2.81,,+nan,4.446065425872803,37.19713091850281,,35.29967665672302,40.00422656536102,,39.745742082595825,0.21454585129838666,0.0020192045988354224,init He nos dois
BatchNorm (sem → com),64px · 3×3 empilhado (2 convs/estágio) · GAP,alexnet_stacked_gap_nobn,alexnet_stacked_gap,1,4.572999477386475,+4.57,,+nan,26.222649216651917,48.94587993621826,,26.321718096733093,53.518879413604736,,52.54436731338501,0.1528822397248053,0.044482817739366354,init He nos dois
Bloco de compensação (sobre 3×3 + BN + GAP),64px · 3×3 + BN + GAP → Bottleneck,alexnet_3x3_gap_bn,alexnet_bottleneck,1,-0.014334917068481445,-0.01,,+nan,0.08411109447479248,50.109511613845825,,49.15805757045746,50.095176696777344,,49.24216866493225,-76.38700201946025,-83.29091685560228,
Bloco de compensação (sobre 3×3 + BN + GAP),64px · 3×3 + BN + GAP → Fire†,alexnet_3x3_gap_bn,alexnet_fire,1,2.1634340286254883,+2.16,,+nan,1.88884437084198,50.109511613845825,,49.15805757045746,52.27294564247131,,51.04690194129944,6.178324459947371,-77.59889173208526,o Fire usa conv1 stride 1 (mapas 16×16)
