cell,kernel,stride,pool_k,pool_n,head,bn,drop,pt,fp32,int8,int8_raw,params_m,macs_m,dqat,dqat_raw
alexnet_fx_orig_s2_pk2n2_fc,orig,2,2,2,fc,False,False,False,36.16301417350769,,30.969718098640442,57.82324,294.633472,,-5.1932960748672485
alexnet_fx_orig_s2_pk2n2_fc_pt,orig,2,2,2,fc,False,False,True,43.12324523925781,,48.23794662952423,57.82324,294.633472,,5.1147013902664185
alexnet_fx_orig_s2_pk2n2_fc_d,orig,2,2,2,fc,False,True,False,38.28611969947815,,33.88186991214752,57.82324,294.633472,,-4.404249787330627
alexnet_fx_orig_s2_pk2n2_gap,orig,2,2,2,gap,False,False,False,45.49395740032196,,31.511422991752625,2.521096,239.33952,,-13.982534408569336
alexnet_fx_orig_s2_pk2n3_fc,orig,2,2,3,fc,False,False,False,35.02624034881592,,31.33174479007721,57.82324,294.621184,,-3.6944955587387085
alexnet_fx_orig_s2_pk3n2_fc,orig,2,3,2,fc,False,False,False,24.166159331798553,,20.69055587053299,57.82324,253.034752,,-3.475603461265564
alexnet_fx_orig_s2_pk3n3_fc,orig,2,3,3,fc,False,False,False,29.74337637424469,,27.11169719696045,57.82324,253.024512,,-2.6316791772842407
alexnet_fx_orig_s4_pk2n2_fc,orig,4,2,2,fc,False,False,False,24.984760582447052,,25.182926654815674,57.82324,94.870464,,0.19816607236862183
alexnet_fx_orig_s4_pk3n3_fc,orig,4,3,3,fc,False,False,False,24.80289936065674,,21.515975892543793,57.82324,94.868416,,-3.2869234681129456
alexnet_fx_orig_s4_pk3n3_fc_d,orig,4,3,3,fc,False,True,False,27.505391836166382,,22.909969091415405,57.82324,94.868416,,-4.595422744750977
alexnet_fx_orig_s4_pk3n3_fc_d_pt,orig,4,3,3,fc,False,True,True,35.903096199035645,,32.535237073898315,57.82324,94.868416,,-3.367859125137329
alexnet_fx_orig_s4_pk3n3_gap,orig,4,3,3,gap,False,False,False,28.494256734848022,,27.310827374458313,2.521096,39.574464,,-1.1834293603897095
alexnet_fx_k3_s2_pk2n2_fc,k3,2,2,2,fc,False,False,False,37.59699463844299,,34.59872603416443,57.605128,222.281728,,-2.9982686042785645
alexnet_fx_k3_s2_pk2n2_gap,k3,2,2,2,gap,False,False,False,46.81740403175354,,35.523492097854614,2.302984,166.987776,,-11.293911933898926
alexnet_fx_k3_s2_pk2n2_gap_bn,k3,2,2,2,gap,True,False,False,50.109511613845825,,49.15805757045746,2.304136,167.33184,,-0.9514540433883667
alexnet_fx_k3_s4_pk3n3_fc,k3,4,3,3,fc,False,False,False,24.27956312894821,,23.282228410243988,57.605128,80.449792,,-0.9973347187042236
alexnet_fx_k2_s2_pk2n2_fc,k2,2,2,2,fc,False,False,False,35.30634641647339,,33.75437259674072,56.354888,129.548288,,-1.551973819732666
alexnet_fx_k2_s2_pk2n2_gap,k2,2,2,2,gap,False,False,False,43.9973384141922,,32.38213658332825,1.052744,74.254336,,-11.615201830863953
