config,model_name,mode,epochs,best_val_top1,best_val_top5,final_val_top1,final_val_top5,best_val_loss,final_train_loss,fp32_top1,fp32_top5,fp32_loss,fp32_top1_top5_gap,int8_top1,int8_top5,int8_loss,int8_top1_top5_gap,quantization_drop_top1,fp32_size_mb,int8_size_mb,params_m,compression_ratio,param_efficiency_top1_per_m,macs,flops,fp32_latency_ms_per_image,fp32_throughput_img_per_s,int8_latency_ms_per_image,int8_throughput_img_per_s,avg_epoch_time_s,total_training_time_s,peak_gpu_mem_mb,avg_images_per_sec,avg_batch_time_s,avg_cpu_percent,avg_ram_used_mb,avg_gpu_power_w,avg_gpu_utilization_pct,avg_gpu_temp_c,total_gpu_energy_wh,fp32_gzip_mb,int8_gzip_mb,fp32_gzip_ratio,int8_gzip_ratio,epochs_used,epochs_budget,fp32_ece,fp32_bs1_latency_ms_per_image,fp32_bs1_throughput_img_per_s,fp32_cpu_latency_ms_per_image,fp32_cpu_throughput_img_per_s,fp32_cpu_bs1_latency_ms_per_image,int8_ece,int8_bs1_latency_ms_per_image,int8_bs1_throughput_img_per_s,qat_top1,qat_top5,qat_ece,qat_best_val_top1,qat_best_val_top5,qat_best_epoch,qat_epochs_used,qat_epochs_budget,qat_total_training_time_s,qat_total_gpu_energy_wh,agreement_fp32_qat,agreement_fp32_int8,layer_stats_path,fp32_gzip_compression_ratio,fp32_size_excludes_optimizer
"{'experiment': {'name': 'large_scale', 'models': ['resnet18tv'], 'seed': 42, 'stages': ['fp32', 'qat', 'int8'], 'data': {'batch_size': 64, 'num_workers': 4, 'pin_memory': True, 'train_val_split': 0.9}, 'training': {'epochs': 1000, 'lr': 0.0003, 'weight_decay': 0.0005, 'label_smoothing': 0.1, 'grad_clip_norm': None, 'use_amp': True, 'early_stopping_patience': 20}, 'qat': {'epochs': 100, 'lr': 1e-05, 'weight_decay': 0.0005, 'freeze_bn_epoch': 3, 'disable_observer_epoch': 5}}, 'runtime': {'name': 'pcad', 'root': 'outputs/pcad', 'dataset_root': '${PCAD_DATASET_ROOT}', 'device': 'cuda', 'conda_env': 'alexnet_rafael', 'wandb': True, 'wandb_mode': 'offline', 'tensorboard': True, 'distributed': False, 'devices': 1, 'launcher': 'single', 'use_kagglehub_fallback': True, 'persistent_workers': True, 'benchmark_warmup': 100, 'quantized_engine': 'fbgemm'}, 'data': {'dataset_path': '/home/users/rsdsouza/.cache/kagglehub/datasets/akash2sharma/tiny-imagenet/versions/1/tiny-imagenet-200/train', 'img_size': 64, 'num_classes': 200, 'batch_size': 64, 'num_workers': 4, 'pin_memory': True, 'train_val_split': 0.9, 'seed': 42}, 'training': {'epochs': 1000, 'lr': 0.0001, 'weight_decay': 0.0005, 'label_smoothing': 0.1, 'grad_clip_norm': None, 'use_amp': True, 'early_stopping_patience': 20}, 'qat': {'epochs': 100, 'lr': 1e-05, 'weight_decay': 0.0005, 'freeze_bn_epoch': 3, 'disable_observer_epoch': 5}, 'selected_model': 'resnet18tv', 'stage_list': ['fp32', 'qat', 'int8']}",resnet18tv,fp32/qat/int8,15,53.42,78.15,51.58,75.21,2.563546032333374,1.8431726584732957,51.52513384819031,75.21325349807739,2.155514717102051,23.688119649887085,55.57721257209778,79.15862798690796,1.9217315912246704,23.58141541481018,-4.052078723907471,129.20936012268066,10.969806671142578,11.279112,11.778636032171992,4.736188451714994,148555776,297111552,0.36084497338160876,2771.2731886733472,0.8343874000012874,1198.4840614784655,65.42005920410156,2443.915212392807,254.39404296875,1395.8480178507855,0.04652920284786741,22.438888888888886,5952.681423611111,66.17823857036865,8.575368209544926,44.81337641323935,43.178338249444806,,,,,,,,,,,,,,,,,,,,,,,,,,,,,,
"{'experiment': {'name': 'large_scale', 'models': ['mobilenetv2'], 'seed': 42, 'stages': ['fp32', 'qat', 'int8'], 'data': {'batch_size': 64, 'num_workers': 4, 'pin_memory': True, 'train_val_split': 0.9}, 'training': {'epochs': 1000, 'lr': 0.0003, 'weight_decay': 0.0005, 'label_smoothing': 0.1, 'grad_clip_norm': None, 'use_amp': True, 'early_stopping_patience': 20}, 'qat': {'epochs': 100, 'lr': 1e-05, 'weight_decay': 0.0005, 'freeze_bn_epoch': 3, 'disable_observer_epoch': 5}}, 'runtime': {'name': 'pcad', 'root': 'outputs/pcad', 'dataset_root': '${PCAD_DATASET_ROOT}', 'device': 'cuda', 'conda_env': 'alexnet_rafael', 'wandb': True, 'wandb_mode': 'offline', 'tensorboard': True, 'distributed': False, 'devices': 1, 'launcher': 'single', 'use_kagglehub_fallback': True, 'persistent_workers': True, 'benchmark_warmup': 100, 'quantized_engine': 'fbgemm'}, 'data': {'dataset_path': '/home/users/rsdsouza/.cache/kagglehub/datasets/akash2sharma/tiny-imagenet/versions/1/tiny-imagenet-200/train', 'img_size': 64, 'num_classes': 200, 'batch_size': 64, 'num_workers': 4, 'pin_memory': True, 'train_val_split': 0.9, 'seed': 42}, 'training': {'epochs': 1000, 'lr': 0.0001, 'weight_decay': 0.0005, 'label_smoothing': 0.1, 'grad_clip_norm': None, 'use_amp': True, 'early_stopping_patience': 20}, 'qat': {'epochs': 100, 'lr': 1e-05, 'weight_decay': 0.0005, 'freeze_bn_epoch': 3, 'disable_observer_epoch': 5}, 'selected_model': 'mobilenetv2', 'stage_list': ['fp32', 'qat', 'int8']}",mobilenetv2,fp32/qat/int8,26,57.48,81.03,56.57,80.21,2.4151587894439697,2.005240836404635,56.54877424240112,80.24269342422485,1.862057089805603,23.69391918182373,51.94066762924194,76.49750709533691,2.0391287803649902,24.55683946609497,4.60810661315918,28.753938674926758,3.0438594818115234,2.480072,9.446539449913809,23.17674648155376,25799936,51599872,0.5889652216807008,1697.8931237167956,0.5857625683769583,1707.176344112971,81.39863750782419,3870.417448759079,193.2529296875,1118.3769958904957,0.05789376778650371,20.476595744680846,6136.334441489362,65.7589524333022,6.859989192043231,44.92623233611335,69.73666516115641,,,,,,,,,,,,,,,,,,,,,,,,,,,,,,
"{'experiment': {'name': 'large_scale', 'models': ['alexnet_final_fire_residual'], 'seed': 42, 'stages': ['fp32', 'qat', 'int8'], 'data': {'batch_size': 64, 'num_workers': 4, 'pin_memory': True, 'train_val_split': 0.9}, 'training': {'epochs': 1000, 'lr': 0.0003, 'weight_decay': 0.0005, 'label_smoothing': 0.1, 'grad_clip_norm': None, 'use_amp': True, 'early_stopping_patience': 50}, 'qat': {'epochs': 100, 'lr': 1e-05, 'weight_decay': 0.0005, 'freeze_bn_epoch': 3, 'disable_observer_epoch': 5}}, 'runtime': {'name': 'pcad', 'root': 'outputs/pcad', 'dataset_root': '${PCAD_DATASET_ROOT}', 'device': 'cuda', 'conda_env': 'alexnet_rafael', 'wandb': True, 'wandb_mode': 'offline', 'tensorboard': True, 'distributed': False, 'devices': 1, 'launcher': 'single', 'use_kagglehub_fallback': True, 'persistent_workers': True, 'benchmark_warmup': 100, 'quantized_engine': 'fbgemm'}, 'data': {'dataset_path': '/home/users/rsdsouza/.cache/kagglehub/datasets/akash2sharma/tiny-imagenet/versions/1/tiny-imagenet-200/train', 'img_size': 64, 'num_classes': 200, 'batch_size': 64, 'num_workers': 4, 'pin_memory': True, 'train_val_split': 0.9, 'seed': 42}, 'training': {'epochs': 1000, 'lr': 0.001, 'weight_decay': 0.0005, 'label_smoothing': 0.1, 'grad_clip_norm': None, 'use_amp': True, 'early_stopping_patience': 50, 'warmup_epochs': 0}, 'qat': {'epochs': 100, 'lr': 1e-05, 'weight_decay': 0.0005, 'freeze_bn_epoch': 3, 'disable_observer_epoch': 5}, 'selected_model': 'alexnet_final_fire_residual', 'stage_list': ['fp32', 'qat', 'int8']}",alexnet_final_fire_residual,fp32/qat/int8,42,51.77,75.61,51.13,75.41,2.7678738018035887,2.2548757838999394,51.21769309043884,74.92501735687256,2.1118576526641846,23.707324266433716,50.040364265441895,74.12177324295044,2.1548099517822266,24.081408977508545,1.1773288249969482,8.094205856323242,0.7470588684082031,0.698664,10.834763093797394,74.09856526169948,55236608,110473216,0.2213870191015303,4516.976668543471,0.28032617922872305,3567.2729630580898,35.9799062641718,3430.576031923294,331.365234375,2505.4667051597194,0.02559026050083343,8.498924731182795,4980.283140120968,71.83090565310708,17.12196657451541,37.9180117089668,66.72568418408045,7.374591827392578,0.6357183456420898,1.0975801842018824,1.1751412768395992,,,,,,,,,,,,,,,,,,,,,,,,,,
"{'experiment': {'name': 'large_scale', 'models': ['alexnet_final_bottleneck_residual'], 'seed': 42, 'stages': ['fp32', 'qat', 'int8'], 'data': {'batch_size': 64, 'num_workers': 4, 'pin_memory': True, 'train_val_split': 0.9}, 'training': {'epochs': 1000, 'lr': 0.0003, 'weight_decay': 0.0005, 'label_smoothing': 0.1, 'grad_clip_norm': None, 'use_amp': True, 'early_stopping_patience': 20}, 'qat': {'epochs': 100, 'lr': 1e-05, 'weight_decay': 0.0005, 'freeze_bn_epoch': 3, 'disable_observer_epoch': 5}}, 'runtime': {'name': 'pcad', 'root': 'outputs/pcad', 'dataset_root': '${PCAD_DATASET_ROOT}', 'device': 'cuda', 'conda_env': 'alexnet_rafael', 'wandb': True, 'wandb_mode': 'offline', 'tensorboard': True, 'distributed': False, 'devices': 1, 'launcher': 'single', 'use_kagglehub_fallback': True, 'persistent_workers': True, 'benchmark_warmup': 100, 'quantized_engine': 'fbgemm'}, 'data': {'dataset_path': '/home/users/rsdsouza/.cache/kagglehub/datasets/akash2sharma/tiny-imagenet/versions/1/tiny-imagenet-200/train', 'img_size': 64, 'num_classes': 200, 'batch_size': 64, 'num_workers': 4, 'pin_memory': True, 'train_val_split': 0.9, 'seed': 42}, 'training': {'epochs': 1000, 'lr': 0.001, 'weight_decay': 0.0005, 'label_smoothing': 0.1, 'grad_clip_norm': None, 'use_amp': True, 'early_stopping_patience': 20}, 'qat': {'epochs': 100, 'lr': 1e-05, 'weight_decay': 0.0005, 'freeze_bn_epoch': 3, 'disable_observer_epoch': 5}, 'selected_model': 'alexnet_final_bottleneck_residual', 'stage_list': ['fp32', 'qat', 'int8']}",alexnet_final_bottleneck_residual,fp32/qat/int8,74,50.04,74.95,48.97,74.19,2.7735929206848144,2.620147176691004,48.909345269203186,74.20153617858887,2.1716723442077637,25.29219090938568,49.51888024806976,74.31813478469849,2.1375796794891357,24.799254536628723,-0.6095349788665771,6.653960227966309,0.6352424621582031,0.571304,10.474677976279837,87.58909442258411,54175744,108351488,0.20122504988685253,4969.560204170869,0.326736621838063,3060.5690735690455,34.86236774043033,3397.4520807266235,187.15087890625,2584.9130251048514,0.024795425135441213,8.286315789473687,4957.870394736842,61.369176272443895,9.61477787664736,37.583954990218466,56.43111557726734,,,,,,,,,,,,,,,,,,,,,,,,,,,,,,
"{'experiment': {'name': 'large_scale', 'models': ['vgg_style'], 'seed': 42, 'stages': ['fp32', 'qat', 'int8'], 'data': {'batch_size': 64, 'num_workers': 4, 'pin_memory': True, 'train_val_split': 0.9}, 'training': {'epochs': 1000, 'lr': 0.0003, 'weight_decay': 0.0005, 'label_smoothing': 0.1, 'grad_clip_norm': None, 'use_amp': True, 'early_stopping_patience': 20}, 'qat': {'epochs': 100, 'lr': 1e-05, 'weight_decay': 0.0005, 'freeze_bn_epoch': 3, 'disable_observer_epoch': 5}}, 'runtime': {'name': 'pcad', 'root': 'outputs/pcad', 'dataset_root': '${PCAD_DATASET_ROOT}', 'device': 'cuda', 'conda_env': 'alexnet_rafael', 'wandb': True, 'wandb_mode': 'offline', 'tensorboard': True, 'distributed': False, 'devices': 1, 'launcher': 'single', 'use_kagglehub_fallback': True, 'persistent_workers': True, 'benchmark_warmup': 100, 'quantized_engine': 'fbgemm'}, 'data': {'dataset_path': '/home/users/rsdsouza/.cache/kagglehub/datasets/akash2sharma/tiny-imagenet/versions/1/tiny-imagenet-200/train', 'img_size': 64, 'num_classes': 200, 'batch_size': 64, 'num_workers': 4, 'pin_memory': True, 'train_val_split': 0.9, 'seed': 42}, 'training': {'epochs': 1000, 'lr': 0.001, 'weight_decay': 0.0005, 'label_smoothing': 0.1, 'grad_clip_norm': None, 'use_amp': True, 'early_stopping_patience': 20}, 'qat': {'epochs': 100, 'lr': 1e-05, 'weight_decay': 0.0005, 'freeze_bn_epoch': 3, 'disable_observer_epoch': 5}, 'selected_model': 'vgg_style', 'stage_list': ['fp32', 'qat', 'int8']}",vgg_style,fp32/qat/int8,75,51.76,75.33,50.35,74.7,2.758228618621826,2.089696870928638,50.36662817001343,74.69758987426758,2.1721134185791016,24.33096170425415,52.50664949417114,75.52240490913391,2.072408437728882,23.01575541496277,-2.140021324157715,27.58487319946289,2.3771228790283203,2.405288,11.604311010938805,21.519252580148404,231086080,462172160,0.5440790511667728,1837.9682104199906,0.9832047503441571,1017.0821486063445,49.81815692037344,5129.806018590927,219.400390625,1912.9090183999226,0.03543254404009491,5.507291666666668,4838.373372395833,61.99234789209962,9.36988743360333,37.27834322831356,81.11918769886928,,,,,,,,,,,,,,,,,,,,,,,,,,,,,,
"{'experiment': {'name': 'large_scale', 'models': ['alexnet_final_depthwise_fire'], 'seed': 42, 'stages': ['fp32', 'qat', 'int8'], 'data': {'batch_size': 64, 'num_workers': 4, 'pin_memory': True, 'train_val_split': 0.9}, 'training': {'epochs': 1000, 'lr': 0.0003, 'weight_decay': 0.0005, 'label_smoothing': 0.1, 'grad_clip_norm': None, 'use_amp': True, 'early_stopping_patience': 20}, 'qat': {'epochs': 100, 'lr': 1e-05, 'weight_decay': 0.0005, 'freeze_bn_epoch': 3, 'disable_observer_epoch': 5}}, 'runtime': {'name': 'pcad', 'root': 'outputs/pcad', 'dataset_root': '${PCAD_DATASET_ROOT}', 'device': 'cuda', 'conda_env': 'alexnet_rafael', 'wandb': True, 'wandb_mode': 'offline', 'tensorboard': True, 'distributed': False, 'devices': 1, 'launcher': 'single', 'use_kagglehub_fallback': True, 'persistent_workers': True, 'benchmark_warmup': 100, 'quantized_engine': 'fbgemm'}, 'data': {'dataset_path': '/home/users/rsdsouza/.cache/kagglehub/datasets/akash2sharma/tiny-imagenet/versions/1/tiny-imagenet-200/train', 'img_size': 64, 'num_classes': 200, 'batch_size': 64, 'num_workers': 4, 'pin_memory': True, 'train_val_split': 0.9, 'seed': 42}, 'training': {'epochs': 1000, 'lr': 0.001, 'weight_decay': 0.0005, 'label_smoothing': 0.1, 'grad_clip_norm': None, 'use_amp': True, 'early_stopping_patience': 20}, 'qat': {'epochs': 100, 'lr': 1e-05, 'weight_decay': 0.0005, 'freeze_bn_epoch': 3, 'disable_observer_epoch': 5}, 'selected_model': 'alexnet_final_depthwise_fire', 'stage_list': ['fp32', 'qat', 'int8']}",alexnet_final_depthwise_fire,fp32/qat/int8,97,43.97,69.25,43.6,69.18,3.0085141807556153,3.070572311813767,43.50949227809906,69.19167041778564,2.419142246246338,25.682178139686584,44.64096128940582,70.050048828125,2.3676934242248535,25.409087538719177,-1.1314690113067627,5.511262893676758,0.5103664398193359,0.474921,10.798638906640656,92.58381920361492,30080000,60160000,0.2177766902372241,4591.859665562463,0.22332429764792325,4477.7931041633765,34.95656980296313,4219.387634754181,105.54833984375,2577.585684889134,0.024862425179916877,7.931355932203392,4933.491128177966,53.73938792496417,5.371164982971586,39.14280786924376,61.562467235088505,,,,,,,,,,,,,,,,,,,,,,,,,,,,,,
"{'experiment': {'name': 'phase8', 'models': ['hybrid_bottleneck_swin'], 'seed': 42, 'stages': ['fp32', 'qat', 'int8'], 'data': {'batch_size': 64, 'num_workers': 4, 'pin_memory': True, 'train_val_split': 0.9}, 'training': {'epochs': 1000, 'lr': 0.0005, 'weight_decay': 0.05, 'label_smoothing': 0.1, 'grad_clip_norm': 1.0, 'use_amp': True, 'early_stopping_patience': 50, 'warmup_epochs': 5, 'reset_scheduler_on_resume': True}, 'qat': {'epochs': 100, 'lr': 1e-05, 'weight_decay': 0.0005, 'freeze_bn_epoch': 3, 'disable_observer_epoch': 5}}, 'runtime': {'name': 'pcad', 'root': 'outputs/pcad', 'dataset_root': '${PCAD_DATASET_ROOT}', 'device': 'cuda', 'conda_env': 'alexnet_rafael', 'wandb': True, 'wandb_mode': 'offline', 'tensorboard': True, 'distributed': False, 'devices': 1, 'launcher': 'single', 'use_kagglehub_fallback': True, 'persistent_workers': True, 'benchmark_warmup': 100, 'quantized_engine': 'fbgemm'}, 'data': {'dataset_path': '/home/users/rsdsouza/.cache/kagglehub/datasets/akash2sharma/tiny-imagenet/versions/1/tiny-imagenet-200/train', 'img_size': 64, 'num_classes': 200, 'batch_size': 64, 'num_workers': 4, 'pin_memory': True, 'train_val_split': 0.9, 'seed': 42}, 'training': {'epochs': 1000, 'lr': 0.0005, 'weight_decay': 0.05, 'label_smoothing': 0.1, 'grad_clip_norm': 1.0, 'use_amp': True, 'early_stopping_patience': 50, 'warmup_epochs': 5, 'reset_scheduler_on_resume': True}, 'qat': {'epochs': 100, 'lr': 1e-05, 'weight_decay': 0.0005, 'freeze_bn_epoch': 3, 'disable_observer_epoch': 5}, 'selected_model': 'hybrid_bottleneck_swin', 'stage_list': ['fp32', 'qat', 'int8']}",hybrid_bottleneck_swin,fp32/qat/int8,99,40.19,66.59,33.75,61.19,inf,3.278054455944349,40.23293852806091,66.65456891059875,2.5847344398498535,26.421630382537842,40.17736613750458,66.35429859161377,2.596519708633423,26.176932454109192,0.05557239055633545,1.049203872680664,0.5417499542236328,0.267824,1.9366939757000068,150.0612342433837,30319360,60638720,0.1897288266569376,5270.680357962537,0.379606831073761,2634.3045439182074,35.1991016552366,5156.457615852356,135.3408203125,2569.5031813981977,0.025034922941135573,8.235862068965519,5033.950942887931,64.10485723264671,9.82543988573269,38.597963419709544,90.3850932762474,0.3146292368570964,0.4659414291381836,1.1079598843330256,1.1626996878677787,,,,,,,,,,,,,,,,,,,,,,,,,3.334731009620728,True
"{'experiment': {'name': 'phase8', 'models': ['swin_pico_poolmixer'], 'seed': 42, 'stages': ['fp32', 'qat', 'int8'], 'data': {'batch_size': 64, 'num_workers': 4, 'pin_memory': True, 'train_val_split': 0.9}, 'training': {'epochs': 1000, 'lr': 0.0005, 'weight_decay': 0.05, 'label_smoothing': 0.1, 'grad_clip_norm': 1.0, 'use_amp': True, 'early_stopping_patience': 50, 'warmup_epochs': 5, 'reset_scheduler_on_resume': True}, 'qat': {'epochs': 100, 'lr': 1e-05, 'weight_decay': 0.0005, 'freeze_bn_epoch': 3, 'disable_observer_epoch': 5}}, 'runtime': {'name': 'pcad', 'root': 'outputs/pcad', 'dataset_root': '${PCAD_DATASET_ROOT}', 'device': 'cuda', 'conda_env': 'alexnet_rafael', 'wandb': True, 'wandb_mode': 'offline', 'tensorboard': True, 'distributed': False, 'devices': 1, 'launcher': 'single', 'use_kagglehub_fallback': True, 'persistent_workers': True, 'benchmark_warmup': 100, 'quantized_engine': 'fbgemm'}, 'data': {'dataset_path': '/home/users/rsdsouza/.cache/kagglehub/datasets/akash2sharma/tiny-imagenet/versions/1/tiny-imagenet-200/train', 'img_size': 64, 'num_classes': 200, 'batch_size': 64, 'num_workers': 4, 'pin_memory': True, 'train_val_split': 0.9, 'seed': 42}, 'training': {'epochs': 1000, 'lr': 0.0005, 'weight_decay': 0.05, 'label_smoothing': 0.1, 'grad_clip_norm': 1.0, 'use_amp': True, 'early_stopping_patience': 50, 'warmup_epochs': 5, 'reset_scheduler_on_resume': True}, 'qat': {'epochs': 100, 'lr': 1e-05, 'weight_decay': 0.0005, 'freeze_bn_epoch': 3, 'disable_observer_epoch': 5}, 'selected_model': 'swin_pico_poolmixer', 'stage_list': ['fp32', 'qat', 'int8']}",swin_pico_poolmixer,fp32/qat/int8,99,30.97,57.6,28.35,54.27,inf,3.71920631501617,30.981552600860596,57.59775638580322,3.0516903400421143,26.616203784942627,30.759650468826294,57.83723592758179,3.0446650981903076,27.077585458755493,0.22190213203430176,0.8857622146606445,0.3046274185180664,0.227768,2.9076903811536354,135.97169049207966,21191424,42382848,0.2069668395444751,4831.691889391344,0.2737204980105162,3653.3617586856085,33.457952012618385,4833.757519245148,112.5673828125,2692.183035887191,0.023796551929316057,7.893055555555558,4746.799560546875,75.08243094152971,8.511779041369815,43.28723551107951,100.4636951761099,0.2682252460055881,0.2380228042602539,1.1029731469040898,1.2798245086844162,,,,,,,,,,,,,,,,,,,,,,,,,3.3023073996628596,True
"{'experiment': {'name': 'phase8', 'models': ['swin_pico_w2'], 'seed': 42, 'stages': ['fp32', 'qat', 'int8'], 'data': {'batch_size': 64, 'num_workers': 4, 'pin_memory': True, 'train_val_split': 0.9}, 'training': {'epochs': 1000, 'lr': 0.0005, 'weight_decay': 0.05, 'label_smoothing': 0.1, 'grad_clip_norm': 1.0, 'use_amp': True, 'early_stopping_patience': 50, 'warmup_epochs': 5, 'reset_scheduler_on_resume': True}, 'qat': {'epochs': 100, 'lr': 1e-05, 'weight_decay': 0.0005, 'freeze_bn_epoch': 3, 'disable_observer_epoch': 5}}, 'runtime': {'name': 'pcad', 'root': 'outputs/pcad', 'dataset_root': '${PCAD_DATASET_ROOT}', 'device': 'cuda', 'conda_env': 'alexnet_rafael', 'wandb': True, 'wandb_mode': 'offline', 'tensorboard': True, 'distributed': False, 'devices': 1, 'launcher': 'single', 'use_kagglehub_fallback': True, 'persistent_workers': True, 'benchmark_warmup': 100, 'quantized_engine': 'fbgemm'}, 'data': {'dataset_path': '/home/users/rsdsouza/.cache/kagglehub/datasets/akash2sharma/tiny-imagenet/versions/1/tiny-imagenet-200/train', 'img_size': 64, 'num_classes': 200, 'batch_size': 64, 'num_workers': 4, 'pin_memory': True, 'train_val_split': 0.9, 'seed': 42}, 'training': {'epochs': 1000, 'lr': 0.0005, 'weight_decay': 0.05, 'label_smoothing': 0.1, 'grad_clip_norm': 1.0, 'use_amp': True, 'early_stopping_patience': 50, 'warmup_epochs': 5, 'reset_scheduler_on_resume': True}, 'qat': {'epochs': 100, 'lr': 1e-05, 'weight_decay': 0.0005, 'freeze_bn_epoch': 3, 'disable_observer_epoch': 5}, 'selected_model': 'swin_pico_w2', 'stage_list': ['fp32', 'qat', 'int8']}",swin_pico_w2,fp32/qat/int8,99,32.91,59.93,30.76,58.01,inf,3.654088831727908,32.947224378585815,59.96630787849426,2.9293861389160156,27.019083499908447,33.25328826904297,60.45393943786621,2.907719850540161,27.200651168823242,-0.3060638904571533,1.2498903274536133,0.6686086654663086,0.321188,1.8693899615882195,102.46335479532236,30923520,61847040,0.315420479408931,3170.3711879263774,0.9938192785019055,1006.219160396457,63.56220307966479,9368.333796739578,128.8359375,1417.4441297451885,0.045207825803460014,25.186394557823142,4327.263950892857,71.10287742773744,7.021282315761219,29.61921353560246,184.49645631179067,0.37960656483968097,0.5728683471679688,1.0991713136689558,1.167124468949352,,,,,,,,,,,,,,,,,,,,,,,,,3.2925940782438228,True
"{'experiment': {'name': 'phase8', 'models': ['swin_pico_w4'], 'seed': 42, 'stages': ['fp32', 'qat', 'int8'], 'data': {'batch_size': 64, 'num_workers': 4, 'pin_memory': True, 'train_val_split': 0.9}, 'training': {'epochs': 1000, 'lr': 0.0005, 'weight_decay': 0.05, 'label_smoothing': 0.1, 'grad_clip_norm': 1.0, 'use_amp': True, 'early_stopping_patience': 50, 'warmup_epochs': 5, 'reset_scheduler_on_resume': True}, 'qat': {'epochs': 100, 'lr': 1e-05, 'weight_decay': 0.0005, 'freeze_bn_epoch': 3, 'disable_observer_epoch': 5}}, 'runtime': {'name': 'pcad', 'root': 'outputs/pcad', 'dataset_root': '${PCAD_DATASET_ROOT}', 'device': 'cuda', 'conda_env': 'alexnet_rafael', 'wandb': True, 'wandb_mode': 'offline', 'tensorboard': True, 'distributed': False, 'devices': 1, 'launcher': 'single', 'use_kagglehub_fallback': True, 'persistent_workers': True, 'benchmark_warmup': 100, 'quantized_engine': 'fbgemm'}, 'data': {'dataset_path': '/home/users/rsdsouza/.cache/kagglehub/datasets/akash2sharma/tiny-imagenet/versions/1/tiny-imagenet-200/train', 'img_size': 64, 'num_classes': 200, 'batch_size': 64, 'num_workers': 4, 'pin_memory': True, 'train_val_split': 0.9, 'seed': 42}, 'training': {'epochs': 1000, 'lr': 0.0005, 'weight_decay': 0.05, 'label_smoothing': 0.1, 'grad_clip_norm': 1.0, 'use_amp': True, 'early_stopping_patience': 50, 'warmup_epochs': 5, 'reset_scheduler_on_resume': True}, 'qat': {'epochs': 100, 'lr': 1e-05, 'weight_decay': 0.0005, 'freeze_bn_epoch': 3, 'disable_observer_epoch': 5}, 'selected_model': 'swin_pico_w4', 'stage_list': ['fp32', 'qat', 'int8']}",swin_pico_w4,fp32/qat/int8,99,33.58,60.79,31.35,58.02,inf,3.565169515006064,33.526986837387085,60.73084473609924,2.8860015869140625,27.203857898712158,33.88566076755524,61.19742393493652,2.8688416481018066,27.311763167381287,-0.35867393016815186,1.2590456008911133,0.6777639389038086,0.321668,1.8576461930498236,104.39334966487185,31808256,63616512,0.2388101452961564,4187.426789426667,0.9151244226843118,1092.7475818716812,62.40360305209955,9009.73948597908,136.4697265625,1443.3793812790445,0.044383785954551606,25.50069444444445,6080.110215928819,64.16843595790013,7.062481432978186,44.7109665766142,160.1415802970446,0.3799407747056749,0.5755367279052734,1.1019527991497031,1.177620655714887,,,,,,,,,,,,,,,,,,,,,,,,,3.313794371942433,True
"{'experiment': {'name': 'phase8', 'models': ['swin_pico_w8'], 'seed': 42, 'stages': ['fp32', 'qat', 'int8'], 'data': {'batch_size': 64, 'num_workers': 4, 'pin_memory': True, 'train_val_split': 0.9}, 'training': {'epochs': 1000, 'lr': 0.0005, 'weight_decay': 0.05, 'label_smoothing': 0.1, 'grad_clip_norm': 1.0, 'use_amp': True, 'early_stopping_patience': 50, 'warmup_epochs': 5, 'reset_scheduler_on_resume': True}, 'qat': {'epochs': 100, 'lr': 1e-05, 'weight_decay': 0.0005, 'freeze_bn_epoch': 3, 'disable_observer_epoch': 5}}, 'runtime': {'name': 'pcad', 'root': 'outputs/pcad', 'dataset_root': '${PCAD_DATASET_ROOT}', 'device': 'cuda', 'conda_env': 'alexnet_rafael', 'wandb': True, 'wandb_mode': 'offline', 'tensorboard': True, 'distributed': False, 'devices': 1, 'launcher': 'single', 'use_kagglehub_fallback': True, 'persistent_workers': True, 'benchmark_warmup': 100, 'quantized_engine': 'fbgemm'}, 'data': {'dataset_path': '/home/users/rsdsouza/.cache/kagglehub/datasets/akash2sharma/tiny-imagenet/versions/1/tiny-imagenet-200/train', 'img_size': 64, 'num_classes': 200, 'batch_size': 64, 'num_workers': 4, 'pin_memory': True, 'train_val_split': 0.9, 'seed': 42}, 'training': {'epochs': 1000, 'lr': 0.0005, 'weight_decay': 0.05, 'label_smoothing': 0.1, 'grad_clip_norm': 1.0, 'use_amp': True, 'early_stopping_patience': 50, 'warmup_epochs': 5, 'reset_scheduler_on_resume': True}, 'qat': {'epochs': 100, 'lr': 1e-05, 'weight_decay': 0.0005, 'freeze_bn_epoch': 3, 'disable_observer_epoch': 5}, 'selected_model': 'swin_pico_w8', 'stage_list': ['fp32', 'qat', 'int8']}",swin_pico_w8,fp32/qat/int8,99,36.75,63.42,33.11,60.41,inf,3.4291886048839237,36.74735724925995,63.505423069000244,2.754300355911255,26.758065819740295,36.99183166027069,63.92589211463928,2.7340714931488037,26.93406045436859,-0.2444744110107422,1.3842897415161133,0.8030691146850586,0.32378,1.7237491969280792,113.50299586138736,35347200,70694400,0.22311593480408193,4481.974812234276,0.9441443994641304,1059.160018920381,33.24531285680573,4839.189845323563,165.23828125,2708.2577941093678,0.023645314976391,8.531724137931038,4728.468292025862,81.72359648071127,14.474672639892072,43.89307675970559,109.42577409887113,0.382976320054796,0.5863018035888672,1.1342298665990818,1.3697196729897751,,,,,,,,,,,,,,,,,,,,,,,,,3.614557007905998,True
"{'experiment': {'name': 'large_scale', 'models': ['alexnet_tv'], 'seed': 42, 'stages': ['fp32', 'qat', 'int8'], 'data': {'batch_size': 64, 'num_workers': 4, 'pin_memory': True, 'train_val_split': 0.9}, 'training': {'epochs': 1000, 'lr': 0.0003, 'weight_decay': 0.0005, 'label_smoothing': 0.1, 'grad_clip_norm': None, 'use_amp': True, 'early_stopping_patience': 20}, 'qat': {'epochs': 100, 'lr': 1e-05, 'weight_decay': 0.0005, 'freeze_bn_epoch': 3, 'disable_observer_epoch': 5}}, 'runtime': {'name': 'pcad', 'root': 'outputs/pcad', 'dataset_root': '${PCAD_DATASET_ROOT}', 'device': 'cuda', 'conda_env': 'alexnet_rafael', 'wandb': True, 'wandb_mode': 'offline', 'tensorboard': True, 'distributed': False, 'devices': 1, 'launcher': 'single', 'use_kagglehub_fallback': True, 'persistent_workers': True, 'benchmark_warmup': 100, 'quantized_engine': 'fbgemm'}, 'data': {'dataset_path': '/home/users/rsdsouza/.cache/kagglehub/datasets/akash2sharma/tiny-imagenet/versions/1/tiny-imagenet-200/train', 'img_size': 64, 'num_classes': 200, 'batch_size': 64, 'num_workers': 4, 'pin_memory': True, 'train_val_split': 0.9, 'seed': 42}, 'training': {'epochs': 1000, 'lr': 0.0003, 'weight_decay': 0.0005, 'label_smoothing': 0.1, 'grad_clip_norm': None, 'use_amp': True, 'early_stopping_patience': 20}, 'qat': {'epochs': 100, 'lr': 1e-05, 'weight_decay': 0.0005, 'freeze_bn_epoch': 3, 'disable_observer_epoch': 5}, 'selected_model': 'alexnet_tv', 'stage_list': ['fp32', 'qat', 'int8']}",alexnet_tv,fp32/qat/int8,130,29.61,53.64,29.6,52.84,3.5790792324066163,3.7646535317894405,29.41688895225525,52.70955562591553,3.2548131942749023,23.29266667366028,29.144316911697388,52.479785680770874,3.260971784591675,23.335468769073486,0.27257204055786133,661.7541408538818,55.3337345123291,57.82324,11.959325476331877,0.5120778427497318,94868416,189736832,0.18728776448406279,5339.37709574773,0.3747922786045819,2668.144615260424,42.77841136155539,8072.545063495636,1125.04736328125,2239.6965859726433,0.030425612632685197,5.966225165562915,4283.630432533113,108.8052483765846,32.74436477117886,45.167446026453284,190.55069597171394,,,,,,,,,,,,,,,,,,,,,,,,,,,,,,
"{'experiment': {'name': 'large_scale', 'models': ['alexnet_smallkernel'], 'seed': 42, 'stages': ['fp32', 'qat', 'int8'], 'data': {'batch_size': 64, 'num_workers': 4, 'pin_memory': True, 'train_val_split': 0.9}, 'training': {'epochs': 1000, 'lr': 0.0003, 'weight_decay': 0.0005, 'label_smoothing': 0.1, 'grad_clip_norm': None, 'use_amp': True, 'early_stopping_patience': 20}, 'qat': {'epochs': 100, 'lr': 1e-05, 'weight_decay': 0.0005, 'freeze_bn_epoch': 3, 'disable_observer_epoch': 5}}, 'runtime': {'name': 'pcad', 'root': 'outputs/pcad', 'dataset_root': '${PCAD_DATASET_ROOT}', 'device': 'cuda', 'conda_env': 'alexnet_rafael', 'wandb': True, 'wandb_mode': 'offline', 'tensorboard': True, 'distributed': False, 'devices': 1, 'launcher': 'single', 'use_kagglehub_fallback': True, 'persistent_workers': True, 'benchmark_warmup': 100, 'quantized_engine': 'fbgemm'}, 'data': {'dataset_path': '/home/users/rsdsouza/.cache/kagglehub/datasets/akash2sharma/tiny-imagenet/versions/1/tiny-imagenet-200/train', 'img_size': 64, 'num_classes': 200, 'batch_size': 64, 'num_workers': 4, 'pin_memory': True, 'train_val_split': 0.9, 'seed': 42}, 'training': {'epochs': 1000, 'lr': 0.0003, 'weight_decay': 0.0005, 'label_smoothing': 0.1, 'grad_clip_norm': None, 'use_amp': True, 'early_stopping_patience': 20}, 'qat': {'epochs': 100, 'lr': 1e-05, 'weight_decay': 0.0005, 'freeze_bn_epoch': 3, 'disable_observer_epoch': 5}, 'selected_model': 'alexnet_smallkernel', 'stage_list': ['fp32', 'qat', 'int8']}",alexnet_smallkernel,fp32/qat/int8,141,48.99,73.45,47.8,72.31,2.89710980758667,2.6136465206593913,47.771912813186646,72.2509503364563,2.272172212600708,24.479037523269653,23.613423109054565,45.988765358924866,4.205036640167236,22.3753422498703,24.15848970413208,18.35332679748535,1.5618057250976562,1.602376,11.751350697819833,30.573348577362616,460179456,920358912,0.1293480121064931,7731.081318642091,1.8111190338153391,552.1448239066762,32.89810926531568,5395.9902193546295,205.7705078125,2739.2295755073865,0.023398370743467754,7.78641975308642,4407.130208333333,87.45630044744944,14.510942096625717,43.87602101632462,129.42183660932844,,,,,,,,,,,,,,,,,,,,,,,,,,,,,,
"{'experiment': {'name': 'large_scale', 'models': ['alexnet_final_bottleneck_fire'], 'seed': 42, 'stages': ['fp32', 'qat', 'int8'], 'data': {'batch_size': 64, 'num_workers': 4, 'pin_memory': True, 'train_val_split': 0.9}, 'training': {'epochs': 1000, 'lr': 0.0003, 'weight_decay': 0.0005, 'label_smoothing': 0.1, 'grad_clip_norm': None, 'use_amp': True, 'early_stopping_patience': 20}, 'qat': {'epochs': 100, 'lr': 1e-05, 'weight_decay': 0.0005, 'freeze_bn_epoch': 3, 'disable_observer_epoch': 5}}, 'runtime': {'name': 'pcad', 'root': 'outputs/pcad', 'dataset_root': '${PCAD_DATASET_ROOT}', 'device': 'cuda', 'conda_env': 'alexnet_rafael', 'wandb': True, 'wandb_mode': 'offline', 'tensorboard': True, 'distributed': False, 'devices': 1, 'launcher': 'single', 'use_kagglehub_fallback': True, 'persistent_workers': True, 'benchmark_warmup': 100, 'quantized_engine': 'fbgemm'}, 'data': {'dataset_path': '/home/users/rsdsouza/.cache/kagglehub/datasets/akash2sharma/tiny-imagenet/versions/1/tiny-imagenet-200/train', 'img_size': 64, 'num_classes': 200, 'batch_size': 64, 'num_workers': 4, 'pin_memory': True, 'train_val_split': 0.9, 'seed': 42}, 'training': {'epochs': 1000, 'lr': 0.001, 'weight_decay': 0.0005, 'label_smoothing': 0.1, 'grad_clip_norm': None, 'use_amp': True, 'early_stopping_patience': 20}, 'qat': {'epochs': 100, 'lr': 1e-05, 'weight_decay': 0.0005, 'freeze_bn_epoch': 3, 'disable_observer_epoch': 5}, 'selected_model': 'alexnet_final_bottleneck_fire', 'stage_list': ['fp32', 'qat', 'int8']}",alexnet_final_bottleneck_fire,fp32/qat/int8,146,49.81,74.5,49.3,74.27,2.778979429244995,2.662905282858934,49.205636978149414,74.2336630821228,2.165259838104248,25.02802610397339,49.7825026512146,74.8577892780304,2.1210803985595703,25.075286626815796,-0.5768656730651855,5.882292747497559,0.5461235046386719,0.506408,10.770993552803448,98.3594256014913,47282176,94564352,0.20799848553724587,4807.727313095902,0.27029489520937205,3699.662915296251,33.82551656226198,5674.70480799675,146.72412109375,2704.811181404877,0.024057977640300127,7.976047904191613,4506.29102732036,76.53642871016305,9.799952862798103,42.0859600023454,119.80313576176668,,,,,,,,,,,,,,,,,,,,,,,,,,,,,,
"{'experiment': {'name': 'phase9_fire_bypass_large_scale', 'models': ['alexnet_fire_bypass'], 'seed': 42, 'stages': ['fp32', 'qat', 'int8'], 'data': {'batch_size': 64, 'num_workers': 4, 'pin_memory': True, 'train_val_split': 0.9}, 'training': {'epochs': 1000, 'lr': 0.0003, 'weight_decay': 0.0005, 'label_smoothing': 0.1, 'grad_clip_norm': None, 'use_amp': True, 'early_stopping_patience': 20}, 'qat': {'epochs': 100, 'lr': 1e-05, 'weight_decay': 0.0005, 'freeze_bn_epoch': 3, 'disable_observer_epoch': 5}}, 'runtime': {'name': 'pcad', 'root': 'outputs/pcad', 'dataset_root': '${PCAD_DATASET_ROOT}', 'device': 'cuda', 'conda_env': 'alexnet_rafael', 'wandb': True, 'wandb_mode': 'offline', 'tensorboard': True, 'distributed': False, 'devices': 1, 'launcher': 'single', 'use_kagglehub_fallback': True, 'persistent_workers': True, 'benchmark_warmup': 100, 'quantized_engine': 'fbgemm'}, 'data': {'dataset_path': '/home/users/rsdsouza/.cache/kagglehub/datasets/akash2sharma/tiny-imagenet/versions/1/tiny-imagenet-200/train', 'img_size': 64, 'num_classes': 200, 'batch_size': 64, 'num_workers': 4, 'pin_memory': True, 'train_val_split': 0.9, 'seed': 42}, 'training': {'epochs': 1000, 'lr': 0.001, 'weight_decay': 0.0005, 'label_smoothing': 0.1, 'grad_clip_norm': None, 'use_amp': True, 'early_stopping_patience': 20, 'warmup_epochs': 0}, 'qat': {'epochs': 100, 'lr': 1e-05, 'weight_decay': 0.0005, 'freeze_bn_epoch': 3, 'disable_observer_epoch': 5}, 'selected_model': 'alexnet_fire_bypass', 'stage_list': ['fp32', 'qat', 'int8']}",alexnet_fire_bypass,fp32/qat/int8,152,50.46,74.78,49.07,73.93,2.8077376361846924,2.6568840584409017,50.5710244178772,74.8999834060669,2.121025800704956,24.328958988189697,49.86463785171509,74.56404566764832,2.138960838317871,24.699407815933228,0.7063865661621094,2.008546829223633,0.5543060302734375,0.516152,3.6235341481542656,97.761899595468,177670144,355340288,0.20052162231877446,4986.993364786736,0.8094956804066897,1235.3370428086796,34.04457764956303,5918.036756038666,402.37353515625,2650.33249909886,0.024213782112064743,8.003468208092489,5230.036217485549,94.00571133388155,18.384934236423888,44.05054254967254,153.66138185616867,1.8492469787597656,0.46994686126708984,1.0981746858843273,1.179507888995992,,,,,,,,,,,,,,,,,,,,,,,,,1.0861430908329535,True
"{'experiment': {'name': 'large_scale', 'models': ['alexnet_fire'], 'seed': 42, 'stages': ['fp32', 'qat', 'int8'], 'data': {'batch_size': 64, 'num_workers': 4, 'pin_memory': True, 'train_val_split': 0.9}, 'training': {'epochs': 1000, 'lr': 0.0003, 'weight_decay': 0.0005, 'label_smoothing': 0.1, 'grad_clip_norm': None, 'use_amp': True, 'early_stopping_patience': 20}, 'qat': {'epochs': 100, 'lr': 1e-05, 'weight_decay': 0.0005, 'freeze_bn_epoch': 3, 'disable_observer_epoch': 5}}, 'runtime': {'name': 'pcad', 'root': 'outputs/pcad', 'dataset_root': '${PCAD_DATASET_ROOT}', 'device': 'cuda', 'conda_env': 'alexnet_rafael', 'wandb': True, 'wandb_mode': 'offline', 'tensorboard': True, 'distributed': False, 'devices': 1, 'launcher': 'single', 'use_kagglehub_fallback': True, 'persistent_workers': True, 'benchmark_warmup': 100, 'quantized_engine': 'fbgemm'}, 'data': {'dataset_path': '/home/users/rsdsouza/.cache/kagglehub/datasets/akash2sharma/tiny-imagenet/versions/1/tiny-imagenet-200/train', 'img_size': 64, 'num_classes': 200, 'batch_size': 64, 'num_workers': 4, 'pin_memory': True, 'train_val_split': 0.9, 'seed': 42}, 'training': {'epochs': 1000, 'lr': 0.001, 'weight_decay': 0.0005, 'label_smoothing': 0.1, 'grad_clip_norm': None, 'use_amp': True, 'early_stopping_patience': 20}, 'qat': {'epochs': 100, 'lr': 1e-05, 'weight_decay': 0.0005, 'freeze_bn_epoch': 3, 'disable_observer_epoch': 5}, 'selected_model': 'alexnet_fire', 'stage_list': ['fp32', 'qat', 'int8']}",alexnet_fire,fp32/qat/int8,174,51.23,75.33,50.66,74.84,2.763156937789917,2.5978995846481108,50.58884024620056,74.85660314559937,2.10756778717041,24.267762899398804,50.55211782455444,74.82606172561646,2.1264138221740723,24.27394390106201,0.036722421646118164,5.989412307739258,0.5532283782958984,0.516152,10.826292617505198,99.25370820998464,177670144,355340288,0.30900992807000877,3236.1419784979907,1.1700896545313297,854.6353658690728,66.09965280263852,12938.562705993652,401.9462890625,1393.4902739242552,0.047012555336158245,22.361538461538462,6217.007411858975,70.19530363997094,9.126842898175076,44.98384727125508,249.94980879273373,,,,,,,,,,,,,,,,,,,,,,,,,,,,,,
"{'experiment': {'name': 'large_scale', 'models': ['alexnet_depthwisesep'], 'seed': 42, 'stages': ['fp32', 'qat', 'int8'], 'data': {'batch_size': 64, 'num_workers': 4, 'pin_memory': True, 'train_val_split': 0.9}, 'training': {'epochs': 1000, 'lr': 0.0003, 'weight_decay': 0.0005, 'label_smoothing': 0.1, 'grad_clip_norm': None, 'use_amp': True, 'early_stopping_patience': 20}, 'qat': {'epochs': 100, 'lr': 1e-05, 'weight_decay': 0.0005, 'freeze_bn_epoch': 3, 'disable_observer_epoch': 5}}, 'runtime': {'name': 'pcad', 'root': 'outputs/pcad', 'dataset_root': '${PCAD_DATASET_ROOT}', 'device': 'cuda', 'conda_env': 'alexnet_rafael', 'wandb': True, 'wandb_mode': 'offline', 'tensorboard': True, 'distributed': False, 'devices': 1, 'launcher': 'single', 'use_kagglehub_fallback': True, 'persistent_workers': True, 'benchmark_warmup': 100, 'quantized_engine': 'fbgemm'}, 'data': {'dataset_path': '/home/users/rsdsouza/.cache/kagglehub/datasets/akash2sharma/tiny-imagenet/versions/1/tiny-imagenet-200/train', 'img_size': 64, 'num_classes': 200, 'batch_size': 64, 'num_workers': 4, 'pin_memory': True, 'train_val_split': 0.9, 'seed': 42}, 'training': {'epochs': 1000, 'lr': 0.001, 'weight_decay': 0.0005, 'label_smoothing': 0.1, 'grad_clip_norm': None, 'use_amp': True, 'early_stopping_patience': 20}, 'qat': {'epochs': 100, 'lr': 1e-05, 'weight_decay': 0.0005, 'freeze_bn_epoch': 3, 'disable_observer_epoch': 5}, 'selected_model': 'alexnet_depthwisesep', 'stage_list': ['fp32', 'qat', 'int8']}",alexnet_depthwisesep,fp32/qat/int8,197,45.28,69.07,45.04,69.47,3.017268035888672,2.92980546547712,44.861289858818054,69.41173672676086,2.400704860687256,24.55044686794281,41.05616807937622,66.1536157131195,2.6026878356933594,25.097447633743286,3.8051217794418335,3.6537113189697266,0.3996391296386719,0.313641,9.142526464496052,144.36888034408767,19758080,39516160,0.1928720842115581,5184.783500877799,0.17465459913946688,5725.586414140004,39.36742804356671,8624.2579267025,123.42822265625,2439.210770209894,0.02799959320310577,6.997706422018348,4641.195760464449,71.63173650258462,5.210092411342654,40.80499755004859,169.6638824345941,,,,,,,,,,,,,,,,,,,,,,,,,,,,,,
"{'experiment': {'name': 'large_scale', 'models': ['alexnet_bottleneck'], 'seed': 42, 'stages': ['fp32', 'qat', 'int8'], 'data': {'batch_size': 64, 'num_workers': 4, 'pin_memory': True, 'train_val_split': 0.9}, 'training': {'epochs': 1000, 'lr': 0.0003, 'weight_decay': 0.0005, 'label_smoothing': 0.1, 'grad_clip_norm': None, 'use_amp': True, 'early_stopping_patience': 20}, 'qat': {'epochs': 100, 'lr': 1e-05, 'weight_decay': 0.0005, 'freeze_bn_epoch': 3, 'disable_observer_epoch': 5}}, 'runtime': {'name': 'pcad', 'root': 'outputs/pcad', 'dataset_root': '${PCAD_DATASET_ROOT}', 'device': 'cuda', 'conda_env': 'alexnet_rafael', 'wandb': True, 'wandb_mode': 'offline', 'tensorboard': True, 'distributed': False, 'devices': 1, 'launcher': 'single', 'use_kagglehub_fallback': True, 'persistent_workers': True, 'benchmark_warmup': 100, 'quantized_engine': 'fbgemm'}, 'data': {'dataset_path': '/home/users/rsdsouza/.cache/kagglehub/datasets/akash2sharma/tiny-imagenet/versions/1/tiny-imagenet-200/train', 'img_size': 64, 'num_classes': 200, 'batch_size': 64, 'num_workers': 4, 'pin_memory': True, 'train_val_split': 0.9, 'seed': 42}, 'training': {'epochs': 1000, 'lr': 0.001, 'weight_decay': 0.0005, 'label_smoothing': 0.1, 'grad_clip_norm': None, 'use_amp': True, 'early_stopping_patience': 20}, 'qat': {'epochs': 100, 'lr': 1e-05, 'weight_decay': 0.0005, 'freeze_bn_epoch': 3, 'disable_observer_epoch': 5}, 'selected_model': 'alexnet_bottleneck', 'stage_list': ['fp32', 'qat', 'int8']}",alexnet_bottleneck,fp32/qat/int8,212,48.92,74.2,48.51,73.68,2.796834270477295,2.655550553144127,48.465678095817566,73.63600730895996,2.189218044281006,25.170329213142395,49.188002943992615,74.40846562385559,2.144822120666504,25.220462679862976,-0.7223248481750488,4.4917449951171875,0.43222999572753906,0.385,10.392025170665407,127.06493506493507,39512064,79024128,0.15335510047152637,6520.813438387536,0.2389745382592082,4184.546216866549,40.86121127840787,9667.294445991516,146.8251953125,2325.6993390464354,0.02906202793627872,7.27296137339056,5102.904087312232,56.438100894366464,7.324946249393297,37.47601217272479,148.46593137954395,,,,,,,,,,,,,,,,,,,,,,,,,,,,,,
"{'experiment': {'seed': 42, 'uniform_hparams': True, 'stages': ['fp32', 'qat', 'int8'], 'training': {'epochs': 500, 'early_stopping_patience': None}, 'qat': {'epochs': 100}, 'name': 'phase_11_kernel_size_comparison', 'models': ['alexnet_tv_3x3']}, 'runtime': {'name': 'pcad', 'root': 'outputs/pcad', 'dataset_root': '${PCAD_DATASET_ROOT}', 'device': 'cuda', 'conda_env': 'alexnet_rafael', 'wandb': True, 'wandb_mode': 'offline', 'tensorboard': True, 'distributed': False, 'devices': 1, 'launcher': 'single', 'use_kagglehub_fallback': True, 'persistent_workers': True, 'benchmark_warmup': 100, 'quantized_engine': 'fbgemm'}, 'data': {'dataset_path': '/home/users/rsdsouza/.cache/kagglehub/datasets/akash2sharma/tiny-imagenet/versions/1/tiny-imagenet-200/train', 'img_size': 64, 'num_classes': 200, 'batch_size': 64, 'num_workers': 4, 'pin_memory': True, 'train_val_split': 0.9, 'seed': 42}, 'training': {'epochs': 500, 'lr': 0.0003, 'weight_decay': 0.0005, 'label_smoothing': 0.1, 'grad_clip_norm': None, 'use_amp': True, 'early_stopping_patience': None, 'warmup_epochs': 0, 'reset_scheduler_on_resume': False}, 'qat': {'epochs': 100, 'lr': 1e-05, 'weight_decay': 0.0005, 'freeze_bn_epoch': 3, 'disable_observer_epoch': 5}, 'qat_wino': {'epochs': 15, 'lr': 5e-05, 'weight_decay': 0.0005, 'freeze_bn_epoch': 999, 'disable_observer_epoch': 999}, 'selected_model': 'alexnet_tv_3x3', 'stage_list': ['fp32', 'qat', 'int8'], 'provenance': {'git_hash': '4e91e778d30b8d477b218b96a53f9bbf1098f508', 'git_dirty': True, 'hostname': 'tupi4', 'timestamp_utc': '2026-09-13T22:26:09.361816+00:00', 'torch_version': '2.5.1+cu121', 'torchvision_version': '0.20.1+cu121', 'cuda_version': '12.1', 'cudnn_version': 90100, 'gpu_name': 'NVIDIA GeForce RTX 4090', 'python_version': '3.11.2', 'cpu_count': 32, 'slurm_job_id': '821244'}}",alexnet_tv_3x3,fp32/qat/int8,395,24.94,48.5,24.48,48.12,3.8130943702697753,3.391125879450509,24.837467074394226,48.46845269203186,3.4768178462982178,23.630985617637634,23.12873899936676,46.35118246078491,3.569880247116089,23.222443461418152,1.7087280750274658,219.75125694274902,55.125871658325195,57.605128,3.9863543256927683,0.43294756675134893,80449792,160899584,0.1346391323953867,7427.261169979614,0.32230043001472947,3102.695208797267,42.40037222492148,27306.591270184144,1121.13720703125,2223.042024025646,0.030284234419435927,5.890999999999998,5775.25278125,122.6339646196188,30.098805731464214,46.10595464483704,707.1990417917167,204.76455783843994,44.269981384277344,1.073189907777564,1.2452201228596713,500.0,500.0,0.012228869375959036,1.3852288722991943,721.9023657370108,0.5668770857155323,1764.0508413526093,6.450711399316788,0.01021146237924695,1.9855673778802156,503.63438236359235,23.60164374113083,46.505725383758545,0.012460605824738739,23.74,46.6,38.0,100.0,100.0,5035.454049888998,152.79402440168252,0.633,0.6349,/home/users/rsdsouza/dnn_study/outputs/pcad/phase_11_kernel_size_comparison/alexnet_tv_3x3/results/alexnet_tv_3x3_layer_stats.json,,
"{'experiment': {'seed': 42, 'uniform_hparams': True, 'stages': ['fp32', 'qat', 'int8'], 'training': {'epochs': 500, 'early_stopping_patience': None}, 'qat': {'epochs': 100}, 'name': 'phase_11_kernel_size_comparison', 'models': ['alexnet_tv_scratch']}, 'runtime': {'name': 'pcad', 'root': 'outputs/pcad', 'dataset_root': '${PCAD_DATASET_ROOT}', 'device': 'cuda', 'conda_env': 'alexnet_rafael', 'wandb': True, 'wandb_mode': 'offline', 'tensorboard': True, 'distributed': False, 'devices': 1, 'launcher': 'single', 'use_kagglehub_fallback': True, 'persistent_workers': True, 'benchmark_warmup': 100, 'quantized_engine': 'fbgemm'}, 'data': {'dataset_path': '/home/users/rsdsouza/.cache/kagglehub/datasets/akash2sharma/tiny-imagenet/versions/1/tiny-imagenet-200/train', 'img_size': 64, 'num_classes': 200, 'batch_size': 64, 'num_workers': 4, 'pin_memory': True, 'train_val_split': 0.9, 'seed': 42}, 'training': {'epochs': 500, 'lr': 0.0003, 'weight_decay': 0.0005, 'label_smoothing': 0.1, 'grad_clip_norm': None, 'use_amp': True, 'early_stopping_patience': None, 'warmup_epochs': 0, 'reset_scheduler_on_resume': False}, 'qat': {'epochs': 100, 'lr': 1e-05, 'weight_decay': 0.0005, 'freeze_bn_epoch': 3, 'disable_observer_epoch': 5}, 'qat_wino': {'epochs': 15, 'lr': 5e-05, 'weight_decay': 0.0005, 'freeze_bn_epoch': 999, 'disable_observer_epoch': 999}, 'selected_model': 'alexnet_tv_scratch', 'stage_list': ['fp32', 'qat', 'int8'], 'provenance': {'git_hash': '4e91e778d30b8d477b218b96a53f9bbf1098f508', 'git_dirty': False, 'hostname': 'tupi2', 'timestamp_utc': '2026-09-13T22:26:08.702474+00:00', 'torch_version': '2.5.1+cu121', 'torchvision_version': '0.20.1+cu121', 'cuda_version': '12.1', 'cudnn_version': 90100, 'gpu_name': 'NVIDIA GeForce RTX 4090', 'python_version': '3.11.2', 'cpu_count': 16, 'slurm_job_id': '821243'}}",alexnet_tv_scratch,fp32/qat/int8,424,27.63,52.28,27.29,52.12,3.656155508041382,3.3203455642141284,27.505391836166382,52.28195786476135,3.297416925430298,24.77656602859497,22.909969091415405,46.71506881713867,3.5429255962371826,23.805099725723267,4.595422744750977,220.58328819274902,55.33408546447754,57.82324,3.9863907813992054,0.47783555539260686,94868416,189736832,0.2594127842225134,3854.8601334244263,0.7857449640985579,1272.677580755793,83.78379965603538,49512.863134217914,1124.06298828125,1107.3225625770249,0.05959018467712325,15.717400000000003,4662.0336640625,84.02836429624887,15.849464579956695,30.172037372512257,969.716707476558,205.31076908111572,45.19723987579346,1.0743873260033394,1.2242801909262855,500.0,500.0,0.029408297051489347,1.9507832368835807,512.6146160644286,1.576885198429227,634.1615743467717,8.852446377743036,0.029751650631427772,6.23842426110059,160.2968887889614,23.546940088272095,46.456679701805115,0.03641791497841476,23.62,46.53,65.0,100.0,100.0,12114.751727952156,241.1665612148632,0.4879,0.4759,/home/users/rsdsouza/dnn_study/outputs/pcad/phase_11_kernel_size_comparison/alexnet_tv_scratch/results/alexnet_tv_scratch_layer_stats.json,,
"{'experiment': {'seed': 42, 'uniform_hparams': True, 'stages': ['fp32', 'qat', 'int8'], 'training': {'epochs': 500, 'early_stopping_patience': None}, 'qat': {'epochs': 100}, 'name': 'phase_11_kernel_size_comparison', 'models': ['alexnet_tv_2x2']}, 'runtime': {'name': 'pcad', 'root': 'outputs/pcad', 'dataset_root': '${PCAD_DATASET_ROOT}', 'device': 'cuda', 'conda_env': 'alexnet_rafael', 'wandb': True, 'wandb_mode': 'offline', 'tensorboard': True, 'distributed': False, 'devices': 1, 'launcher': 'single', 'use_kagglehub_fallback': True, 'persistent_workers': True, 'benchmark_warmup': 100, 'quantized_engine': 'fbgemm'}, 'data': {'dataset_path': '/home/users/rsdsouza/.cache/kagglehub/datasets/akash2sharma/tiny-imagenet/versions/1/tiny-imagenet-200/train', 'img_size': 64, 'num_classes': 200, 'batch_size': 64, 'num_workers': 4, 'pin_memory': True, 'train_val_split': 0.9, 'seed': 42}, 'training': {'epochs': 500, 'lr': 0.0003, 'weight_decay': 0.0005, 'label_smoothing': 0.1, 'grad_clip_norm': None, 'use_amp': True, 'early_stopping_patience': None, 'warmup_epochs': 0, 'reset_scheduler_on_resume': False}, 'qat': {'epochs': 100, 'lr': 1e-05, 'weight_decay': 0.0005, 'freeze_bn_epoch': 3, 'disable_observer_epoch': 5}, 'qat_wino': {'epochs': 15, 'lr': 5e-05, 'weight_decay': 0.0005, 'freeze_bn_epoch': 999, 'disable_observer_epoch': 999}, 'selected_model': 'alexnet_tv_2x2', 'stage_list': ['fp32', 'qat', 'int8'], 'provenance': {'git_hash': '4e91e778d30b8d477b218b96a53f9bbf1098f508', 'git_dirty': True, 'hostname': 'tupi5', 'timestamp_utc': '2026-09-13T22:26:41.702167+00:00', 'torch_version': '2.5.1+cu121', 'torchvision_version': '0.20.1+cu121', 'cuda_version': '12.1', 'cudnn_version': 90100, 'gpu_name': 'NVIDIA GeForce RTX 4090', 'python_version': '3.11.2', 'cpu_count': 32, 'slurm_job_id': '821245'}}",alexnet_tv_2x2,fp32/qat/int8,432,24.14,46.36,24.04,46.03,3.907623687362671,3.4267407123259086,23.932647705078125,46.259137988090515,3.564352512359619,22.32649028301239,22.031445801258087,44.63732838630676,3.647412061691284,22.605882585048676,1.9012019038200378,214.98196983337402,53.933549880981445,56.354888,3.9860526575348416,0.4283568090845997,71139584,142279168,0.6183010313659907,1617.335164055501,0.7941458659246564,1259.2145132376395,54.71767158065014,63440.21355432272,1097.28955078125,1756.6377453012935,0.03965835346457463,2.655999999999999,4514.3972109375,86.47418043445472,23.551745033720287,49.77841131565854,646.4737199635935,200.1460542678833,42.636474609375,1.0741254461386172,1.2649626962620033,500.0,500.0,0.009430496914684774,3.569655889645219,280.1390472680514,0.7128649322316051,1402.7902829635989,7.396767735481262,0.010799018743634222,4.37671778909862,228.48171807895997,22.502543032169342,44.89908814430237,0.010899139915034176,22.63,44.94,57.0,100.0,100.0,13555.815214360133,146.8273775675972,0.6266,0.6222,/home/users/rsdsouza/dnn_study/outputs/pcad/phase_11_kernel_size_comparison/alexnet_tv_2x2/results/alexnet_tv_2x2_layer_stats.json,,
"{'experiment': {'seed': 42, 'uniform_hparams': True, 'stages': ['fp32', 'qat', 'int8'], 'training': {'epochs': 500, 'early_stopping_patience': None}, 'qat': {'epochs': 100}, 'name': 'phase_11_kernel_size_comparison', 'models': ['vgg16_2x2']}, 'runtime': {'name': 'pcad', 'root': 'outputs/pcad', 'dataset_root': '${PCAD_DATASET_ROOT}', 'device': 'cuda', 'conda_env': 'alexnet_rafael', 'wandb': True, 'wandb_mode': 'offline', 'tensorboard': True, 'distributed': False, 'devices': 1, 'launcher': 'single', 'use_kagglehub_fallback': True, 'persistent_workers': True, 'benchmark_warmup': 100, 'quantized_engine': 'fbgemm'}, 'data': {'dataset_path': '/home/users/rsdsouza/.cache/kagglehub/datasets/akash2sharma/tiny-imagenet/versions/1/tiny-imagenet-200/train', 'img_size': 64, 'num_classes': 200, 'batch_size': 64, 'num_workers': 4, 'pin_memory': True, 'train_val_split': 0.9, 'seed': 42}, 'training': {'epochs': 500, 'lr': 0.0003, 'weight_decay': 0.0005, 'label_smoothing': 0.1, 'grad_clip_norm': None, 'use_amp': True, 'early_stopping_patience': None, 'warmup_epochs': 0, 'reset_scheduler_on_resume': False}, 'qat': {'epochs': 100, 'lr': 1e-05, 'weight_decay': 0.0005, 'freeze_bn_epoch': 3, 'disable_observer_epoch': 5}, 'qat_wino': {'epochs': 15, 'lr': 5e-05, 'weight_decay': 0.0005, 'freeze_bn_epoch': 999, 'disable_observer_epoch': 999}, 'selected_model': 'vgg16_2x2', 'stage_list': ['fp32', 'qat', 'int8'], 'provenance': {'git_hash': '3ee4b9d09b80af26acdee5c195a9c62acfe37e8b', 'git_dirty': True, 'hostname': 'tupi3', 'timestamp_utc': '2026-09-15T20:26:55.942371+00:00', 'torch_version': '2.5.1+cu121', 'torchvision_version': '0.20.1+cu121', 'cuda_version': '12.1', 'cudnn_version': 90100, 'gpu_name': 'NVIDIA GeForce RTX 4090', 'python_version': '3.11.2', 'cpu_count': 32, 'slurm_job_id': '821692'}}",vgg16_2x2,fp32/qat/int8,449,54.29,,,,,2.2128778991963753,54.263997077941895,75.95970630645752,2.276015043258667,21.695709228515625,48.361557722091675,68.04315447807312,2.622756004333496,19.681596755981445,5.90243935585022,484.1870975494385,121.35651588439941,126.911688,3.989790692496978,0.3868044052806232,740302976,1480605952,0.1818281242623925,5499.699257508261,2.927967110462487,341.5338910149319,64.17403661800549,9211.44431065768,3762.77392578125,1419.0100434826234,0.045642984792322545,5.042,5078.4515625,206.86519012526475,76.6695169312175,56.51792299539393,365.9984549263272,450.5240411758423,98.59453105926514,1.074719778073857,1.230864578193004,500.0,500.0,0.06353945492133498,2.230787916108966,448.2721072580678,4.667734226770699,214.23670488022512,18.844136245548725,0.08439784865379334,6.542795918881893,152.8398581276384,49.069344997406006,69.38521265983582,0.10786494536548853,49.09,69.24,92.0,100.0,100.0,9211.44431065768,365.9984549263272,0.6174,0.6136,/home/users/rsdsouza/dnn_study/outputs/pcad/phase_11_kernel_size_comparison/vgg16_2x2/results/vgg16_2x2_layer_stats.json,,
"{'experiment': {'seed': 42, 'uniform_hparams': True, 'stages': ['fp32', 'qat', 'int8'], 'training': {'epochs': 500, 'early_stopping_patience': None}, 'qat': {'epochs': 100}, 'name': 'phase_11_kernel_size_comparison', 'models': ['vgg16']}, 'runtime': {'name': 'pcad', 'root': 'outputs/pcad', 'dataset_root': '${PCAD_DATASET_ROOT}', 'device': 'cuda', 'conda_env': 'alexnet_rafael', 'wandb': True, 'wandb_mode': 'offline', 'tensorboard': True, 'distributed': False, 'devices': 1, 'launcher': 'single', 'use_kagglehub_fallback': True, 'persistent_workers': True, 'benchmark_warmup': 100, 'quantized_engine': 'fbgemm'}, 'data': {'dataset_path': '/home/users/rsdsouza/.cache/kagglehub/datasets/akash2sharma/tiny-imagenet/versions/1/tiny-imagenet-200/train', 'img_size': 64, 'num_classes': 200, 'batch_size': 64, 'num_workers': 4, 'pin_memory': True, 'train_val_split': 0.9, 'seed': 42}, 'training': {'epochs': 500, 'lr': 0.0003, 'weight_decay': 0.0005, 'label_smoothing': 0.1, 'grad_clip_norm': None, 'use_amp': True, 'early_stopping_patience': None, 'warmup_epochs': 0, 'reset_scheduler_on_resume': False}, 'qat': {'epochs': 100, 'lr': 1e-05, 'weight_decay': 0.0005, 'freeze_bn_epoch': 3, 'disable_observer_epoch': 5}, 'qat_wino': {'epochs': 15, 'lr': 5e-05, 'weight_decay': 0.0005, 'freeze_bn_epoch': 999, 'disable_observer_epoch': 999}, 'selected_model': 'vgg16', 'stage_list': ['fp32', 'qat', 'int8'], 'provenance': {'git_hash': '29dcc9c4eab704ccb4b5f6f728211ffff1c89aa7', 'git_dirty': True, 'hostname': 'tupi4', 'timestamp_utc': '2026-09-15T21:04:17.840376+00:00', 'torch_version': '2.5.1+cu121', 'torchvision_version': '0.20.1+cu121', 'cuda_version': '12.1', 'cudnn_version': 90100, 'gpu_name': 'NVIDIA GeForce RTX 4090', 'python_version': '3.11.2', 'cpu_count': 32, 'slurm_job_id': '821696'}}",vgg16,fp32/qat/int8,473,47.74,70.14,47.47,69.66,2.9317252311706543,2.315216731295986,47.71053194999695,70.22449374198914,2.4913294315338135,22.513961791992188,44.77246701717377,69.57499980926514,2.492202043533325,24.80253279209137,2.938064932823181,515.3626346588135,129.14983558654785,135.084168,3.9904242411013433,0.3471909454259658,1375356928,2750713856,0.12956745345145462,7717.987606931493,5.254556968435645,190.31100167093896,64.75583802025766,9364.379727272317,3886.13818359375,1400.723151186856,0.04605678379819181,4.94,5582.64265625,265.4995942368874,78.87778235839174,59.45141087129947,469.77749243892583,477.4598617553711,105.77702903747559,1.0793842078454379,1.22096297052162,500.0,500.0,0.04174899864681064,1.906591609120369,524.4961717110268,6.859542051516473,145.78232664656164,20.340095937252045,0.09404294285066427,10.701134448871017,93.4480362598847,44.650450348854065,69.31464672088623,0.09273633667491377,46.9,71.22,98.0,100.0,100.0,9364.379727272317,469.77749243892583,0.5558,0.5597,/home/users/rsdsouza/dnn_study/outputs/pcad/phase_11_kernel_size_comparison/vgg16/results/vgg16_layer_stats.json,,
"{'experiment': {'seed': 42, 'uniform_hparams': True, 'stages': ['fp32', 'qat', 'int8'], 'training': {'epochs': 500, 'early_stopping_patience': None}, 'qat': {'epochs': 100}, 'name': 'phase_11_kernel_size_comparison', 'models': ['vgg16']}, 'runtime': {'name': 'pcad', 'root': 'outputs/pcad', 'dataset_root': '${PCAD_DATASET_ROOT}', 'device': 'cuda', 'conda_env': 'alexnet_rafael', 'wandb': True, 'wandb_mode': 'offline', 'tensorboard': True, 'distributed': False, 'devices': 1, 'launcher': 'single', 'use_kagglehub_fallback': True, 'persistent_workers': True, 'benchmark_warmup': 100, 'quantized_engine': 'fbgemm'}, 'data': {'dataset_path': '/home/users/rsdsouza/.cache/kagglehub/datasets/akash2sharma/tiny-imagenet/versions/1/tiny-imagenet-200/train', 'img_size': 64, 'num_classes': 200, 'batch_size': 64, 'num_workers': 4, 'pin_memory': True, 'train_val_split': 0.9, 'seed': 42}, 'training': {'epochs': 500, 'lr': 0.0003, 'weight_decay': 0.0005, 'label_smoothing': 0.1, 'grad_clip_norm': None, 'use_amp': True, 'early_stopping_patience': None, 'warmup_epochs': 0, 'reset_scheduler_on_resume': False}, 'qat': {'epochs': 100, 'lr': 1e-05, 'weight_decay': 0.0005, 'freeze_bn_epoch': 3, 'disable_observer_epoch': 5}, 'qat_wino': {'epochs': 15, 'lr': 5e-05, 'weight_decay': 0.0005, 'freeze_bn_epoch': 999, 'disable_observer_epoch': 999}, 'selected_model': 'vgg16', 'stage_list': ['fp32', 'qat', 'int8'], 'provenance': {'git_hash': '688bd0f62be5fdfb283605f6f978f8a07ab31dab', 'git_dirty': True, 'hostname': 'tupi4', 'timestamp_utc': '2026-09-14T07:28:53.782998+00:00', 'torch_version': '2.5.1+cu121', 'torchvision_version': '0.20.1+cu121', 'cuda_version': '12.1', 'cudnn_version': 90100, 'gpu_name': 'NVIDIA GeForce RTX 4090', 'python_version': '3.11.2', 'cpu_count': 32, 'slurm_job_id': '821270'}}",vgg16_original,fp32/qat/int8,473,47.74,70.14,47.47,69.66,2.9317252311706543,1.574305978811652,47.71053194999695,70.22449374198914,2.4913294315338135,22.513961791992188,0.4999999888241291,2.499999850988388,5.301751613616943,1.999999862164259,47.21053196117282,515.3626346588135,129.14971351623535,135.084168,3.9904280127886422,0.35340929071717714,1375356928,2750713856,0.13783863540738822,7254.859982068566,5.25938678458333,190.13623469018623,55.31173462005823,44285.30212144554,2605.9150390625,1733.4210529073414,0.03991195863955901,4.751999999999995,5249.2955625,208.4838214364596,66.21220467222551,54.746644883049626,1540.220754041052,477.4598617553711,105.95394897460938,1.0793842078454379,1.2189230771114021,500.0,500.0,0.04174899864681064,1.9400671143084764,515.4460856661874,6.82540281265974,146.51149938655672,24.999836716800928,0.008169532753527164,10.426448045298457,95.90993938256132,0.4999999888241291,2.499999850988388,0.006972630508244038,0.5,2.48,0.0,100.0,100.0,11150.392670651898,478.063264770441,0.0145,0.0042,/home/users/rsdsouza/dnn_study/outputs/pcad/phase_11_kernel_size_comparison/vgg16/results/vgg16_layer_stats.json,,
