model,latency_ms,winograd_trace_detected,top_cuda_kernel,device,torch_version,cudnn_version
swin_pico_w2,1.4025187492370605,False,"void at::native::elementwise_kernel<128, 2, at::native::gpu_kernel_impl_nocast<at::native::direct_copy_kernel_cuda(at::TensorIteratorBase&)::{lambda()#3}::operator()() const::{lambda()#7}::operator()() const::{lambda(float)#1}>(at::TensorIteratorBase&, at::native::direct_copy_kernel_cuda(at::TensorIteratorBase&)::{lambda()#3}::operator()() const::{lambda()#7}::operator()() const::{lambda(float)#1} const&)::{lambda(int)#1}>(int, at::native::gpu_kernel_impl_nocast<at::native::direct_copy_kernel_cuda(at::TensorIteratorBase&)::{lambda()#3}::operator()() const::{lambda()#7}::operator()() const::{lambda(float)#1}>(at::TensorIteratorBase&, at::native::direct_copy_kernel_cuda(at::TensorIteratorBase&)::{lambda()#3}::operator()() const::{lambda()#7}::operator()() const::{lambda(float)#1} const&)::{lambda(int)#1})",NVIDIA GeForce RTX 4060 Laptop GPU,2.5.1+cu121,90100
swin_pico_w4,1.811537742614746,False,"void at::native::elementwise_kernel<128, 2, at::native::gpu_kernel_impl_nocast<at::native::direct_copy_kernel_cuda(at::TensorIteratorBase&)::{lambda()#3}::operator()() const::{lambda()#7}::operator()() const::{lambda(float)#1}>(at::TensorIteratorBase&, at::native::direct_copy_kernel_cuda(at::TensorIteratorBase&)::{lambda()#3}::operator()() const::{lambda()#7}::operator()() const::{lambda(float)#1} const&)::{lambda(int)#1}>(int, at::native::gpu_kernel_impl_nocast<at::native::direct_copy_kernel_cuda(at::TensorIteratorBase&)::{lambda()#3}::operator()() const::{lambda()#7}::operator()() const::{lambda(float)#1}>(at::TensorIteratorBase&, at::native::direct_copy_kernel_cuda(at::TensorIteratorBase&)::{lambda()#3}::operator()() const::{lambda()#7}::operator()() const::{lambda(float)#1} const&)::{lambda(int)#1})",NVIDIA GeForce RTX 4060 Laptop GPU,2.5.1+cu121,90100
swin_pico_w8,1.595604419708252,False,ampere_sgemm_128x128_nn,NVIDIA GeForce RTX 4060 Laptop GPU,2.5.1+cu121,90100
swin_pico_poolmixer,0.6238436698913574,False,"void at::native::(anonymous namespace)::vectorized_layer_norm_kernel<float, float>(int, float, float const*, float const*, float const*, float*, float*, float*)",NVIDIA GeForce RTX 4060 Laptop GPU,2.5.1+cu121,90100
hybrid_bottleneck_swin,1.264939308166504,False,"void at::native::elementwise_kernel<128, 2, at::native::gpu_kernel_impl_nocast<at::native::direct_copy_kernel_cuda(at::TensorIteratorBase&)::{lambda()#3}::operator()() const::{lambda()#7}::operator()() const::{lambda(float)#1}>(at::TensorIteratorBase&, at::native::direct_copy_kernel_cuda(at::TensorIteratorBase&)::{lambda()#3}::operator()() const::{lambda()#7}::operator()() const::{lambda(float)#1} const&)::{lambda(int)#1}>(int, at::native::gpu_kernel_impl_nocast<at::native::direct_copy_kernel_cuda(at::TensorIteratorBase&)::{lambda()#3}::operator()() const::{lambda()#7}::operator()() const::{lambda(float)#1}>(at::TensorIteratorBase&, at::native::direct_copy_kernel_cuda(at::TensorIteratorBase&)::{lambda()#3}::operator()() const::{lambda()#7}::operator()() const::{lambda(float)#1} const&)::{lambda(int)#1})",NVIDIA GeForce RTX 4060 Laptop GPU,2.5.1+cu121,90100
vit_tiny,1.2218570709228516,False,ampere_sgemm_32x32_sliced1x4_tn,NVIDIA GeForce RTX 4060 Laptop GPU,2.5.1+cu121,90100
deit_tiny,1.2068605422973633,False,ampere_sgemm_32x32_sliced1x4_tn,NVIDIA GeForce RTX 4060 Laptop GPU,2.5.1+cu121,90100
vit_tiny_convstem,1.4474248886108398,True,ampere_sgemm_32x32_sliced1x4_tn,NVIDIA GeForce RTX 4060 Laptop GPU,2.5.1+cu121,90100
swin_pico_convstem,2.1637344360351562,False,"void at::native::elementwise_kernel<128, 2, at::native::gpu_kernel_impl_nocast<at::native::direct_copy_kernel_cuda(at::TensorIteratorBase&)::{lambda()#3}::operator()() const::{lambda()#7}::operator()() const::{lambda(float)#1}>(at::TensorIteratorBase&, at::native::direct_copy_kernel_cuda(at::TensorIteratorBase&)::{lambda()#3}::operator()() const::{lambda()#7}::operator()() const::{lambda(float)#1} const&)::{lambda(int)#1}>(int, at::native::gpu_kernel_impl_nocast<at::native::direct_copy_kernel_cuda(at::TensorIteratorBase&)::{lambda()#3}::operator()() const::{lambda()#7}::operator()() const::{lambda(float)#1}>(at::TensorIteratorBase&, at::native::direct_copy_kernel_cuda(at::TensorIteratorBase&)::{lambda()#3}::operator()() const::{lambda()#7}::operator()() const::{lambda(float)#1} const&)::{lambda(int)#1})",NVIDIA GeForce RTX 4060 Laptop GPU,2.5.1+cu121,90100
