in_ch,out_ch,batch_size,input_resolution,precision,groups_mode,2.0,3.0,5.0,7.0,9.0,11.0,norm_2,norm_3,norm_5,norm_7,norm_9,norm_11,winograd_signal
16.0,16.0,1.0,64.0,fp32,dense,0.17237424850463867,0.09195685386657715,0.0945436954498291,0.09487271308898926,0.1415717601776123,0.21366357803344727,0.04309356212615967,0.010217428207397461,0.003781747817993164,0.001936177818142638,0.001747799508365584,0.0017658146944912996,False
16.0,16.0,1.0,64.0,fp32,depthwise,0.11726260185241699,0.06987571716308594,0.0697934627532959,0.06900548934936523,0.06887197494506836,0.14503002166748047,0.029315650463104248,0.0077639685736762155,0.002791738510131836,0.0014082752928441884,0.0008502712956181278,0.0011985952203924005,False
16.0,16.0,1.0,64.0,fp32_cpu,dense,0.7736444473266602,0.8455824851989746,1.1005914211273193,1.6087126731872559,3.7802040576934814,4.7119176387786865,0.19341111183166504,0.09395360946655273,0.044023656845092775,0.03283087088137257,0.04666918589745039,0.038941468089080056,False
16.0,16.0,1.0,64.0,fp32_cpu,depthwise,0.5084359645843506,0.36579012870788574,0.38445591926574707,0.47829151153564453,1.6306519508361816,2.3409605026245117,0.12710899114608765,0.04064334763420953,0.015378236770629883,0.00976105125582948,0.020131505565878786,0.019346781013425716,False
16.0,16.0,1.0,64.0,int8,dense,0.9859788417816162,0.8858871459960938,1.4471375942230225,2.0764172077178955,2.7984869480133057,3.284052610397339,0.24649471044540405,0.09843190511067708,0.0578855037689209,0.042375861381997865,0.03454922158041118,0.027140930664440815,False
16.0,16.0,1.0,64.0,int8,depthwise,0.960468053817749,0.5947542190551758,0.7272577285766602,0.9186387062072754,0.7583701610565186,0.9514248371124268,0.24011701345443726,0.06608380211724176,0.029090309143066408,0.01874772869810766,0.009362594580944673,0.007863015182747329,False
16.0,16.0,1.0,128.0,fp32,dense,0.18456578254699707,0.09273648262023926,0.09520769119262695,0.12624621391296387,0.31525254249572754,0.6182873249053955,0.04614144563674927,0.01030405362447103,0.0038083076477050783,0.0025764533451625277,0.0038920066974781177,0.00510981260252393,False
16.0,16.0,1.0,128.0,fp32,depthwise,0.1514577865600586,0.07013916969299316,0.0971829891204834,0.16350030899047852,0.2980160713195801,0.41303277015686035,0.03786444664001465,0.0077932410769992405,0.003887319564819336,0.003336740999805684,0.0036792107570318526,0.0034134939682385155,False
16.0,16.0,8.0,64.0,fp32,dense,0.21439671516418457,0.0930023193359375,0.11062502861022949,0.25160789489746094,0.6309258937835693,0.9437835216522217,0.05359917879104614,0.010333591037326388,0.0044250011444091795,0.0051348549979073664,0.007789208565229251,0.007799863815307617,False
16.0,16.0,8.0,64.0,fp32,depthwise,0.15639185905456543,0.06995081901550293,0.11961579322814941,0.1914668083190918,0.36918044090270996,0.46817898750305176,0.03909796476364136,0.00777231322394477,0.004784631729125977,0.0039074858840630975,0.00455778322102111,0.0038692478306037335,False
16.0,16.0,8.0,128.0,fp32,dense,0.21497130393981934,0.1258373260498047,0.40001392364501953,0.8566880226135254,2.3066627979278564,3.3777356147766113,0.053742825984954834,0.013981925116644965,0.01600055694580078,0.017483429032929088,0.0284773184929365,0.02791517037005464,True
16.0,16.0,8.0,128.0,fp32,depthwise,0.19601702690124512,0.3744661808013916,0.7909643650054932,1.2565863132476807,2.1857523918151855,2.723705768585205,0.04900425672531128,0.04160735342237684,0.031638574600219724,0.02564461863770777,0.026984597429817105,0.022509965029629795,False
16.0,16.0,64.0,64.0,fp32,dense,0.1724863052368164,0.24741411209106445,0.9147846698760986,0.9212422370910645,0.8553087711334229,0.8814263343811035,0.0431215763092041,0.02749045689900716,0.036591386795043944,0.018800861981450295,0.010559367544857073,0.007284515160174409,True
16.0,16.0,64.0,64.0,fp32,depthwise,0.34103870391845703,0.4836738109588623,0.9118819236755371,1.480727195739746,2.6630401611328125,3.5065579414367676,0.08525967597961426,0.0537415345509847,0.03647527694702148,0.030218922362035633,0.03287703902633102,0.028979817697824525,False
16.0,16.0,64.0,128.0,fp32,dense,0.6885373592376709,1.0750210285186768,2.6181483268737793,2.6532399654388428,3.3686482906341553,3.4567463397979736,0.17213433980941772,0.11944678094651964,0.10472593307495118,0.05414775439671108,0.04158825050165624,0.028568151568578296,False
16.0,16.0,64.0,128.0,fp32,depthwise,1.3539958000183105,2.7245795726776123,5.887898206710815,9.760290384292603,17.135345935821533,21.511741876602173,0.33849895000457764,0.3027310636308458,0.23551592826843262,0.19918959967944086,0.21154748068915474,0.17778299071572043,False
32.0,32.0,1.0,64.0,fp32,dense,0.08820295333862305,0.09282350540161133,0.09512782096862793,0.14989852905273438,0.27510523796081543,0.4253196716308594,0.02205073833465576,0.010313722822401259,0.003805112838745117,0.0030591536541374363,0.003396360962479203,0.003515038608519499,False
32.0,32.0,1.0,64.0,fp32,depthwise,0.06712198257446289,0.07001638412475586,0.06967782974243164,0.06953239440917969,0.1036679744720459,0.13365507125854492,0.016780495643615723,0.007779598236083984,0.0027871131896972656,0.0014190284573301977,0.0012798515366919247,0.0011045873657730986,False
32.0,32.0,1.0,64.0,fp32_cpu,dense,1.1692523956298828,0.780254602432251,1.720517873764038,3.099452257156372,9.831070899963379,31.682571172714233,0.2923130989074707,0.08669495582580566,0.06882071495056152,0.06325412769706881,0.12137124567856024,0.26183943117945646,False
32.0,32.0,1.0,64.0,fp32_cpu,depthwise,0.4969823360443115,0.34750938415527344,0.38509249687194824,0.5240845680236816,3.073601722717285,4.404349327087402,0.12424558401107788,0.038612153795030385,0.01540369987487793,0.010695603429054727,0.037945700280460314,0.036399581215598366,False
32.0,32.0,1.0,64.0,int8,dense,1.554882526397705,2.041199207305908,3.6848032474517822,4.388701915740967,5.6441569328308105,7.593406438827515,0.38872063159942627,0.22679991192287868,0.1473921298980713,0.08956534521920341,0.0696809497880347,0.06275542511427698,False
32.0,32.0,1.0,64.0,int8,depthwise,0.6007349491119385,0.601264238357544,0.7529211044311523,0.9637022018432617,1.246044635772705,2.6251566410064697,0.15018373727798462,0.06680713759528266,0.030116844177246093,0.01966739187435228,0.015383267108305001,0.021695509429805537,False
32.0,32.0,1.0,128.0,fp32,dense,0.09636878967285156,0.09602546691894531,0.12026309967041016,0.29645800590515137,0.8345460891723633,1.0298502445220947,0.02409219741821289,0.010669496324327257,0.004810523986816406,0.006050163385819415,0.01030303813793041,0.008511159045637146,False
32.0,32.0,1.0,128.0,fp32,depthwise,0.06970643997192383,0.08760213851928711,0.19324898719787598,0.36447644233703613,0.5972516536712646,0.7061564922332764,0.017426609992980957,0.009733570946587456,0.007729959487915039,0.007438294741572166,0.007373477205818082,0.005836004068043606,False
32.0,32.0,8.0,64.0,fp32,dense,0.09617805480957031,0.09548544883728027,0.2403557300567627,0.521690845489502,1.3138282299041748,1.9837665557861328,0.024044513702392578,0.010609494315253364,0.009614229202270508,0.010646751948765345,0.016220101603755244,0.016394764923852338,False
32.0,32.0,8.0,64.0,fp32,depthwise,0.07626175880432129,0.1117408275604248,0.2437913417816162,0.3681623935699463,0.7207274436950684,0.9479224681854248,0.019065439701080322,0.012415647506713867,0.009751653671264649,0.007513518236121353,0.008897869675247758,0.00783406998500351,False
32.0,32.0,8.0,128.0,fp32,dense,0.15478849411010742,0.23826003074645996,0.8430230617523193,1.7083120346069336,4.552751779556274,6.728940010070801,0.038697123527526855,0.02647333674960666,0.03372092247009277,0.034863510910345584,0.05620681209328734,0.05561107446339505,True
32.0,32.0,8.0,128.0,fp32,depthwise,0.3688323497772217,0.7487952709197998,1.5152764320373535,2.469393014907837,4.3027520179748535,5.391209125518799,0.09220808744430542,0.08319947454664442,0.06061105728149414,0.050395775814445654,0.05312039528364017,0.04455544731833718,False
32.0,32.0,64.0,64.0,fp32,dense,0.2919018268585205,0.4251134395599365,1.5311110019683838,1.571333408355713,1.4171767234802246,1.4950346946716309,0.07297545671463013,0.047234826617770724,0.06124444007873535,0.032068028741953324,0.017496008931854625,0.012355658633649841,True
32.0,32.0,64.0,64.0,fp32,depthwise,0.5634868144989014,0.860292911529541,1.8165969848632812,2.916475534439087,5.553483963012695,7.366592884063721,0.14087170362472534,0.09558810128106011,0.07266387939453126,0.05951990886610382,0.06856153040756414,0.06088093292614645,False
32.0,32.0,64.0,128.0,fp32,dense,1.3190007209777832,2.0644986629486084,4.6627724170684814,4.731166362762451,5.812391042709351,6.061578989028931,0.3297501802444458,0.22938874032762316,0.18651089668273926,0.09655441556658063,0.07175791410752284,0.05009569412420604,False
32.0,32.0,64.0,128.0,fp32,depthwise,2.582749128341675,5.278751850128174,11.871169805526733,19.400649070739746,34.240909814834595,42.733060121536255,0.6456872820854187,0.5865279833475748,0.47484679222106935,0.3959316136885662,0.42272728166462464,0.3531657861283988,False
64.0,64.0,1.0,64.0,fp32,dense,0.09382963180541992,0.09220361709594727,0.16068100929260254,0.37900686264038086,0.5502235889434814,0.8401525020599365,0.02345740795135498,0.01024484634399414,0.006427240371704101,0.007734833931436344,0.006792883814117055,0.0069434091079333595,False
64.0,64.0,1.0,64.0,fp32,depthwise,0.0675356388092041,0.06976842880249023,0.06974458694458008,0.0986325740814209,0.18559694290161133,0.24463295936584473,0.016883909702301025,0.007752047644721137,0.0027897834777832033,0.0020129096751310385,0.002291320282735942,0.0020217599947590474,False
64.0,64.0,1.0,64.0,fp32_cpu,dense,1.3034582138061523,2.9108428955078125,5.995396375656128,11.421407461166382,31.701987981796265,62.067962884902954,0.3258645534515381,0.3234269883897569,0.2398158550262451,0.23308994818706902,0.3913825676764971,0.5129583709496112,False
64.0,64.0,1.0,64.0,fp32_cpu,depthwise,0.8242785930633545,0.38884997367858887,0.5285215377807617,0.6931722164154053,5.998769998550415,8.90323281288147,0.20606964826583862,0.04320555263095432,0.021140861511230468,0.014146371763579699,0.07405888887099278,0.0735804364700948,False
64.0,64.0,1.0,64.0,int8,dense,3.4487462043762207,3.556797504425049,10.588843822479248,12.795473337173462,20.977871417999268,63.86128902435303,0.8621865510940552,0.3951997227138943,0.4235537528991699,0.2611321089219074,0.2589860668888799,0.527779248135149,True
64.0,64.0,1.0,64.0,int8,depthwise,1.3937687873840332,0.9943938255310059,1.2790024280548096,1.7127454280853271,2.291351556777954,3.051103353500366,0.3484421968460083,0.11048820283677843,0.05116009712219238,0.034953988328271984,0.028288290824419186,0.0252157301942179,False
64.0,64.0,1.0,128.0,fp32,dense,0.21892666816711426,0.09385824203491211,0.5528950691223145,1.0085737705230713,1.4766228199005127,2.2677040100097656,0.054731667041778564,0.010428693559434678,0.022115802764892577,0.02058313817394023,0.01822991135679645,0.01874135545462616,True
64.0,64.0,1.0,128.0,fp32,depthwise,0.15715479850769043,0.18563270568847656,0.42600035667419434,0.655663013458252,1.1265838146209717,1.3673639297485352,0.03928869962692261,0.020625856187608507,0.017040014266967773,0.013380877825678612,0.013908442155814466,0.011300528345029216,False
64.0,64.0,8.0,64.0,fp32,dense,0.2176058292388916,0.1469576358795166,0.8916723728179932,1.9198179244995117,2.6462948322296143,3.9740049839019775,0.0544014573097229,0.016328626208835177,0.035666894912719724,0.03917995764284718,0.032670306570735975,0.03284301639588411,True
64.0,64.0,8.0,64.0,fp32,depthwise,0.1577150821685791,0.2697443962097168,0.5014634132385254,0.8122599124908447,1.4292490482330322,1.8763351440429688,0.039428770542144775,0.029971599578857422,0.020058536529541017,0.016576732907976423,0.017645049978185584,0.015506902016884039,False
64.0,64.0,8.0,128.0,fp32,dense,0.47551393508911133,0.6374049186706543,3.1782031059265137,6.3560426235198975,9.365097284317017,13.860617876052856,0.11887848377227783,0.07082276874118382,0.12712812423706055,0.12971515558203872,0.11561848499156811,0.11455056095911452,True
64.0,64.0,8.0,128.0,fp32,depthwise,0.6829380989074707,1.4124786853790283,3.028823137283325,4.899415969848633,8.578768968582153,10.632177591323853,0.17073452472686768,0.15694207615322536,0.12115292549133301,0.09998808101731904,0.10591072800718708,0.08786923629193266,False
64.0,64.0,64.0,64.0,fp32,dense,0.9459638595581055,1.326214075088501,3.278428316116333,3.389153480529785,3.0661261081695557,3.2448482513427734,0.23649096488952637,0.14735711945427787,0.13113713264465332,0.06916639756183235,0.03785340874283402,0.026816927697047716,False
64.0,64.0,64.0,64.0,fp32,depthwise,1.1076891422271729,1.7284607887268066,3.5738706588745117,5.863090753555298,10.893231630325317,14.717098474502563,0.2769222855567932,0.19205119874742296,0.14295482635498047,0.11965491333786323,0.1344843411151274,0.12162891301241788,False
64.0,64.0,64.0,128.0,fp32,dense,3.669307231903076,5.142325162887573,10.311129093170166,10.419641733169556,13.055427074432373,13.662095069885254,0.917326807975769,0.5713694625430636,0.4124451637268066,0.21264574965652155,0.1611781120300293,0.11290987661062193,False
64.0,64.0,64.0,128.0,fp32,depthwise,5.20769476890564,10.755268335342407,23.932918310165405,39.02074337005615,68.48190307617188,84.69686388969421,1.30192369222641,1.1950298150380452,0.9573167324066162,0.7963417014297174,0.8454555935329862,0.69997408173301,False
128.0,128.0,1.0,64.0,fp32,dense,0.09441018104553223,0.09214997291564941,0.46938180923461914,1.0477662086486816,1.5336012840270996,2.2995400428771973,0.023602545261383057,0.010238885879516602,0.018775272369384765,0.021382983849973093,0.018933349185519747,0.019004463164274357,True
128.0,128.0,1.0,64.0,fp32,depthwise,0.06891369819641113,0.0704491138458252,0.15958070755004883,0.1987755298614502,0.38426995277404785,0.5180251598358154,0.017228424549102783,0.007827679316202799,0.006383228302001953,0.004056643466560208,0.004744073491037628,0.00428119966806459,False
128.0,128.0,1.0,64.0,fp32_cpu,dense,4.9449074268341064,9.259999990463257,24.032102823257446,48.61385941505432,226.43698692321777,190.4843044281006,1.2362268567085266,1.0288888878292508,0.9612841129302978,0.9921195798990677,2.7955183570767628,1.574250449819013,False
128.0,128.0,1.0,64.0,fp32_cpu,depthwise,1.3860881328582764,1.8229103088378906,1.915123462677002,1.1341798305511475,11.724917888641357,17.46761441230774,0.3465220332145691,0.20254558987087673,0.07660493850708008,0.02314652715410505,0.144752072699276,0.1443604496884937,False
128.0,128.0,1.0,64.0,int8,dense,6.284972429275513,21.604868173599243,26.46819233894348,49.60665464401245,165.7081639766693,136.2442946434021,1.5712431073188782,2.400540908177694,1.0587276935577392,1.0123807070206623,2.0457798021811024,1.125985906143819,False
128.0,128.0,1.0,64.0,int8,depthwise,1.775193214416504,1.8367016315460205,2.457919120788574,3.259061574935913,5.8522796630859375,12.992923259735107,0.443798303604126,0.20407795906066895,0.09831676483154297,0.06651146071297782,0.0722503662109375,0.10737953107219098,False
128.0,128.0,1.0,128.0,fp32,dense,0.26799440383911133,0.31166672706604004,1.768181324005127,3.500596284866333,5.194642543792725,7.678567171096802,0.06699860095977783,0.034629636340671115,0.07072725296020507,0.07144074050747619,0.0641313894295398,0.06345923281898183,True
128.0,128.0,1.0,128.0,fp32,depthwise,0.18248200416564941,0.3698599338531494,0.8267927169799805,1.2477493286132812,2.150944471359253,2.673358917236328,0.045620501041412354,0.04109554820590549,0.033071708679199216,0.025464272012515943,0.0265548700167809,0.022093875349060564,False
128.0,128.0,8.0,64.0,fp32,dense,0.47020673751831055,0.5700421333312988,3.1641030311584473,6.5793681144714355,9.5620858669281,14.5533287525177,0.11755168437957764,0.06333801481458876,0.1265641212463379,0.13427281866268237,0.11805044280158149,0.12027544423568347,True
128.0,128.0,8.0,64.0,fp32,depthwise,0.3152012825012207,0.488818883895874,0.9368932247161865,1.4879810810089111,2.789515256881714,3.6904144287109375,0.07880032062530518,0.05431320932176378,0.03747572898864746,0.030366960836916555,0.03443845996150264,0.030499292799263947,False
128.0,128.0,8.0,128.0,fp32,dense,1.835770606994629,2.3955535888671875,12.562155723571777,24.61426854133606,36.25043511390686,54.62063193321228,0.4589426517486572,0.2661726209852431,0.5024862289428711,0.5023320110476747,0.44753623597415876,0.4514101812662172,True
128.0,128.0,8.0,128.0,fp32,depthwise,1.3904905319213867,2.77107834815979,5.99130392074585,9.76132869720459,17.157647609710693,21.294206380844116,0.3476226329803467,0.30789759423997665,0.23965215682983398,0.1992107897388692,0.2118228099964283,0.17598517670119104,False
128.0,128.0,64.0,64.0,fp32,dense,3.436077833175659,5.458278656005859,7.521017789840698,7.796489000320435,7.5527119636535645,7.919095754623413,0.8590194582939148,0.6064754062228732,0.3008407115936279,0.15911202041470274,0.09324335757596994,0.0654470723522596,False
128.0,128.0,64.0,64.0,fp32,depthwise,2.2346174716949463,3.4235739707946777,7.130951881408691,11.74137830734253,22.369481325149536,29.298821687698364,0.5586543679237366,0.3803971078660753,0.28523807525634765,0.23961996545596997,0.2761664361129572,0.24213902221238318,False
128.0,128.0,64.0,128.0,fp32,dense,13.640241622924805,24.313695430755615,24.424902200698853,23.76675844192505,31.73459529876709,32.99252390861511,3.410060405731201,2.701521714528402,0.9769960880279541,0.48503588656989893,0.3917851271452727,0.2726654868480588,False
128.0,128.0,64.0,128.0,fp32,depthwise,10.481668710708618,21.58557653427124,48.13774228096008,78.09225678443909,137.19749331474304,169.8635709285736,2.6204171776771545,2.3983973926968045,1.9255096912384033,1.5937195262130426,1.6937962137622598,1.4038311646989554,False
