kernel_size,in_ch,out_ch,batch_size,input_resolution,precision,groups_mode,latency_median_ms,latency_mean_ms,latency_std_ms,n
2.0,16.0,16.0,1.0,64.0,fp32,dense,0.17237424850463867,0.17237424850463867,,1
2.0,16.0,16.0,1.0,64.0,fp32,depthwise,0.11726260185241699,0.11726260185241699,,1
2.0,16.0,16.0,1.0,64.0,fp32_cpu,dense,0.7736444473266602,0.7736444473266602,,1
2.0,16.0,16.0,1.0,64.0,fp32_cpu,depthwise,0.5084359645843506,0.5084359645843506,,1
2.0,16.0,16.0,1.0,64.0,int8,dense,0.9859788417816162,0.9859788417816162,,1
2.0,16.0,16.0,1.0,64.0,int8,depthwise,0.960468053817749,0.960468053817749,,1
2.0,16.0,16.0,1.0,128.0,fp32,dense,0.18456578254699707,0.18456578254699707,,1
2.0,16.0,16.0,1.0,128.0,fp32,depthwise,0.1514577865600586,0.1514577865600586,,1
2.0,16.0,16.0,8.0,64.0,fp32,dense,0.21439671516418457,0.21439671516418457,,1
2.0,16.0,16.0,8.0,64.0,fp32,depthwise,0.15639185905456543,0.15639185905456543,,1
2.0,16.0,16.0,8.0,128.0,fp32,dense,0.21497130393981934,0.21497130393981934,,1
2.0,16.0,16.0,8.0,128.0,fp32,depthwise,0.19601702690124512,0.19601702690124512,,1
2.0,16.0,16.0,64.0,64.0,fp32,dense,0.1724863052368164,0.1724863052368164,,1
2.0,16.0,16.0,64.0,64.0,fp32,depthwise,0.34103870391845703,0.34103870391845703,,1
2.0,16.0,16.0,64.0,128.0,fp32,dense,0.6885373592376709,0.6885373592376709,,1
2.0,16.0,16.0,64.0,128.0,fp32,depthwise,1.3539958000183105,1.3539958000183105,,1
2.0,32.0,32.0,1.0,64.0,fp32,dense,0.08820295333862305,0.08820295333862305,,1
2.0,32.0,32.0,1.0,64.0,fp32,depthwise,0.06712198257446289,0.06712198257446289,,1
2.0,32.0,32.0,1.0,64.0,fp32_cpu,dense,1.1692523956298828,1.1692523956298828,,1
2.0,32.0,32.0,1.0,64.0,fp32_cpu,depthwise,0.4969823360443115,0.4969823360443115,,1
2.0,32.0,32.0,1.0,64.0,int8,dense,1.554882526397705,1.554882526397705,,1
2.0,32.0,32.0,1.0,64.0,int8,depthwise,0.6007349491119385,0.6007349491119385,,1
2.0,32.0,32.0,1.0,128.0,fp32,dense,0.09636878967285156,0.09636878967285156,,1
2.0,32.0,32.0,1.0,128.0,fp32,depthwise,0.06970643997192383,0.06970643997192383,,1
2.0,32.0,32.0,8.0,64.0,fp32,dense,0.09617805480957031,0.09617805480957031,,1
2.0,32.0,32.0,8.0,64.0,fp32,depthwise,0.07626175880432129,0.07626175880432129,,1
2.0,32.0,32.0,8.0,128.0,fp32,dense,0.15478849411010742,0.15478849411010742,,1
2.0,32.0,32.0,8.0,128.0,fp32,depthwise,0.3688323497772217,0.3688323497772217,,1
2.0,32.0,32.0,64.0,64.0,fp32,dense,0.2919018268585205,0.2919018268585205,,1
2.0,32.0,32.0,64.0,64.0,fp32,depthwise,0.5634868144989014,0.5634868144989014,,1
2.0,32.0,32.0,64.0,128.0,fp32,dense,1.3190007209777832,1.3190007209777832,,1
2.0,32.0,32.0,64.0,128.0,fp32,depthwise,2.582749128341675,2.582749128341675,,1
2.0,64.0,64.0,1.0,64.0,fp32,dense,0.09382963180541992,0.09382963180541992,,1
2.0,64.0,64.0,1.0,64.0,fp32,depthwise,0.0675356388092041,0.0675356388092041,,1
2.0,64.0,64.0,1.0,64.0,fp32_cpu,dense,1.3034582138061523,1.3034582138061523,,1
2.0,64.0,64.0,1.0,64.0,fp32_cpu,depthwise,0.8242785930633545,0.8242785930633545,,1
2.0,64.0,64.0,1.0,64.0,int8,dense,3.4487462043762207,3.4487462043762207,,1
2.0,64.0,64.0,1.0,64.0,int8,depthwise,1.3937687873840332,1.3937687873840332,,1
2.0,64.0,64.0,1.0,128.0,fp32,dense,0.21892666816711426,0.21892666816711426,,1
2.0,64.0,64.0,1.0,128.0,fp32,depthwise,0.15715479850769043,0.15715479850769043,,1
2.0,64.0,64.0,8.0,64.0,fp32,dense,0.2176058292388916,0.2176058292388916,,1
2.0,64.0,64.0,8.0,64.0,fp32,depthwise,0.1577150821685791,0.1577150821685791,,1
2.0,64.0,64.0,8.0,128.0,fp32,dense,0.47551393508911133,0.47551393508911133,,1
2.0,64.0,64.0,8.0,128.0,fp32,depthwise,0.6829380989074707,0.6829380989074707,,1
2.0,64.0,64.0,64.0,64.0,fp32,dense,0.9459638595581055,0.9459638595581055,,1
2.0,64.0,64.0,64.0,64.0,fp32,depthwise,1.1076891422271729,1.1076891422271729,,1
2.0,64.0,64.0,64.0,128.0,fp32,dense,3.669307231903076,3.669307231903076,,1
2.0,64.0,64.0,64.0,128.0,fp32,depthwise,5.20769476890564,5.20769476890564,,1
2.0,128.0,128.0,1.0,64.0,fp32,dense,0.09441018104553223,0.09441018104553223,,1
2.0,128.0,128.0,1.0,64.0,fp32,depthwise,0.06891369819641113,0.06891369819641113,,1
2.0,128.0,128.0,1.0,64.0,fp32_cpu,dense,4.9449074268341064,4.9449074268341064,,1
2.0,128.0,128.0,1.0,64.0,fp32_cpu,depthwise,1.3860881328582764,1.3860881328582764,,1
2.0,128.0,128.0,1.0,64.0,int8,dense,6.284972429275513,6.284972429275513,,1
2.0,128.0,128.0,1.0,64.0,int8,depthwise,1.775193214416504,1.775193214416504,,1
2.0,128.0,128.0,1.0,128.0,fp32,dense,0.26799440383911133,0.26799440383911133,,1
2.0,128.0,128.0,1.0,128.0,fp32,depthwise,0.18248200416564941,0.18248200416564941,,1
2.0,128.0,128.0,8.0,64.0,fp32,dense,0.47020673751831055,0.47020673751831055,,1
2.0,128.0,128.0,8.0,64.0,fp32,depthwise,0.3152012825012207,0.3152012825012207,,1
2.0,128.0,128.0,8.0,128.0,fp32,dense,1.835770606994629,1.835770606994629,,1
2.0,128.0,128.0,8.0,128.0,fp32,depthwise,1.3904905319213867,1.3904905319213867,,1
2.0,128.0,128.0,64.0,64.0,fp32,dense,3.436077833175659,3.436077833175659,,1
2.0,128.0,128.0,64.0,64.0,fp32,depthwise,2.2346174716949463,2.2346174716949463,,1
2.0,128.0,128.0,64.0,128.0,fp32,dense,13.640241622924805,13.640241622924805,,1
2.0,128.0,128.0,64.0,128.0,fp32,depthwise,10.481668710708618,10.481668710708618,,1
3.0,16.0,16.0,1.0,64.0,fp32,dense,0.09195685386657715,0.09195685386657715,,1
3.0,16.0,16.0,1.0,64.0,fp32,depthwise,0.06987571716308594,0.06987571716308594,,1
3.0,16.0,16.0,1.0,64.0,fp32_cpu,dense,0.8455824851989746,0.8455824851989746,,1
3.0,16.0,16.0,1.0,64.0,fp32_cpu,depthwise,0.36579012870788574,0.36579012870788574,,1
3.0,16.0,16.0,1.0,64.0,int8,dense,0.8858871459960938,0.8858871459960938,,1
3.0,16.0,16.0,1.0,64.0,int8,depthwise,0.5947542190551758,0.5947542190551758,,1
3.0,16.0,16.0,1.0,128.0,fp32,dense,0.09273648262023926,0.09273648262023926,,1
3.0,16.0,16.0,1.0,128.0,fp32,depthwise,0.07013916969299316,0.07013916969299316,,1
3.0,16.0,16.0,8.0,64.0,fp32,dense,0.0930023193359375,0.0930023193359375,,1
3.0,16.0,16.0,8.0,64.0,fp32,depthwise,0.06995081901550293,0.06995081901550293,,1
3.0,16.0,16.0,8.0,128.0,fp32,dense,0.1258373260498047,0.1258373260498047,,1
3.0,16.0,16.0,8.0,128.0,fp32,depthwise,0.3744661808013916,0.3744661808013916,,1
3.0,16.0,16.0,64.0,64.0,fp32,dense,0.24741411209106445,0.24741411209106445,,1
3.0,16.0,16.0,64.0,64.0,fp32,depthwise,0.4836738109588623,0.4836738109588623,,1
3.0,16.0,16.0,64.0,128.0,fp32,dense,1.0750210285186768,1.0750210285186768,,1
3.0,16.0,16.0,64.0,128.0,fp32,depthwise,2.7245795726776123,2.7245795726776123,,1
3.0,32.0,32.0,1.0,64.0,fp32,dense,0.09282350540161133,0.09282350540161133,,1
3.0,32.0,32.0,1.0,64.0,fp32,depthwise,0.07001638412475586,0.07001638412475586,,1
3.0,32.0,32.0,1.0,64.0,fp32_cpu,dense,0.780254602432251,0.780254602432251,,1
3.0,32.0,32.0,1.0,64.0,fp32_cpu,depthwise,0.34750938415527344,0.34750938415527344,,1
3.0,32.0,32.0,1.0,64.0,int8,dense,2.041199207305908,2.041199207305908,,1
3.0,32.0,32.0,1.0,64.0,int8,depthwise,0.601264238357544,0.601264238357544,,1
3.0,32.0,32.0,1.0,128.0,fp32,dense,0.09602546691894531,0.09602546691894531,,1
3.0,32.0,32.0,1.0,128.0,fp32,depthwise,0.08760213851928711,0.08760213851928711,,1
3.0,32.0,32.0,8.0,64.0,fp32,dense,0.09548544883728027,0.09548544883728027,,1
3.0,32.0,32.0,8.0,64.0,fp32,depthwise,0.1117408275604248,0.1117408275604248,,1
3.0,32.0,32.0,8.0,128.0,fp32,dense,0.23826003074645996,0.23826003074645996,,1
3.0,32.0,32.0,8.0,128.0,fp32,depthwise,0.7487952709197998,0.7487952709197998,,1
3.0,32.0,32.0,64.0,64.0,fp32,dense,0.4251134395599365,0.4251134395599365,,1
3.0,32.0,32.0,64.0,64.0,fp32,depthwise,0.860292911529541,0.860292911529541,,1
3.0,32.0,32.0,64.0,128.0,fp32,dense,2.0644986629486084,2.0644986629486084,,1
3.0,32.0,32.0,64.0,128.0,fp32,depthwise,5.278751850128174,5.278751850128174,,1
3.0,64.0,64.0,1.0,64.0,fp32,dense,0.09220361709594727,0.09220361709594727,,1
3.0,64.0,64.0,1.0,64.0,fp32,depthwise,0.06976842880249023,0.06976842880249023,,1
3.0,64.0,64.0,1.0,64.0,fp32_cpu,dense,2.9108428955078125,2.9108428955078125,,1
3.0,64.0,64.0,1.0,64.0,fp32_cpu,depthwise,0.38884997367858887,0.38884997367858887,,1
3.0,64.0,64.0,1.0,64.0,int8,dense,3.556797504425049,3.556797504425049,,1
3.0,64.0,64.0,1.0,64.0,int8,depthwise,0.9943938255310059,0.9943938255310059,,1
3.0,64.0,64.0,1.0,128.0,fp32,dense,0.09385824203491211,0.09385824203491211,,1
3.0,64.0,64.0,1.0,128.0,fp32,depthwise,0.18563270568847656,0.18563270568847656,,1
3.0,64.0,64.0,8.0,64.0,fp32,dense,0.1469576358795166,0.1469576358795166,,1
3.0,64.0,64.0,8.0,64.0,fp32,depthwise,0.2697443962097168,0.2697443962097168,,1
3.0,64.0,64.0,8.0,128.0,fp32,dense,0.6374049186706543,0.6374049186706543,,1
3.0,64.0,64.0,8.0,128.0,fp32,depthwise,1.4124786853790283,1.4124786853790283,,1
3.0,64.0,64.0,64.0,64.0,fp32,dense,1.326214075088501,1.326214075088501,,1
3.0,64.0,64.0,64.0,64.0,fp32,depthwise,1.7284607887268066,1.7284607887268066,,1
3.0,64.0,64.0,64.0,128.0,fp32,dense,5.142325162887573,5.142325162887573,,1
3.0,64.0,64.0,64.0,128.0,fp32,depthwise,10.755268335342407,10.755268335342407,,1
3.0,128.0,128.0,1.0,64.0,fp32,dense,0.09214997291564941,0.09214997291564941,,1
3.0,128.0,128.0,1.0,64.0,fp32,depthwise,0.0704491138458252,0.0704491138458252,,1
3.0,128.0,128.0,1.0,64.0,fp32_cpu,dense,9.259999990463257,9.259999990463257,,1
3.0,128.0,128.0,1.0,64.0,fp32_cpu,depthwise,1.8229103088378906,1.8229103088378906,,1
3.0,128.0,128.0,1.0,64.0,int8,dense,21.604868173599243,21.604868173599243,,1
3.0,128.0,128.0,1.0,64.0,int8,depthwise,1.8367016315460205,1.8367016315460205,,1
3.0,128.0,128.0,1.0,128.0,fp32,dense,0.31166672706604004,0.31166672706604004,,1
3.0,128.0,128.0,1.0,128.0,fp32,depthwise,0.3698599338531494,0.3698599338531494,,1
3.0,128.0,128.0,8.0,64.0,fp32,dense,0.5700421333312988,0.5700421333312988,,1
3.0,128.0,128.0,8.0,64.0,fp32,depthwise,0.488818883895874,0.488818883895874,,1
3.0,128.0,128.0,8.0,128.0,fp32,dense,2.3955535888671875,2.3955535888671875,,1
3.0,128.0,128.0,8.0,128.0,fp32,depthwise,2.77107834815979,2.77107834815979,,1
3.0,128.0,128.0,64.0,64.0,fp32,dense,5.458278656005859,5.458278656005859,,1
3.0,128.0,128.0,64.0,64.0,fp32,depthwise,3.4235739707946777,3.4235739707946777,,1
3.0,128.0,128.0,64.0,128.0,fp32,dense,24.313695430755615,24.313695430755615,,1
3.0,128.0,128.0,64.0,128.0,fp32,depthwise,21.58557653427124,21.58557653427124,,1
5.0,16.0,16.0,1.0,64.0,fp32,dense,0.0945436954498291,0.0945436954498291,,1
5.0,16.0,16.0,1.0,64.0,fp32,depthwise,0.0697934627532959,0.0697934627532959,,1
5.0,16.0,16.0,1.0,64.0,fp32_cpu,dense,1.1005914211273193,1.1005914211273193,,1
5.0,16.0,16.0,1.0,64.0,fp32_cpu,depthwise,0.38445591926574707,0.38445591926574707,,1
5.0,16.0,16.0,1.0,64.0,int8,dense,1.4471375942230225,1.4471375942230225,,1
5.0,16.0,16.0,1.0,64.0,int8,depthwise,0.7272577285766602,0.7272577285766602,,1
5.0,16.0,16.0,1.0,128.0,fp32,dense,0.09520769119262695,0.09520769119262695,,1
5.0,16.0,16.0,1.0,128.0,fp32,depthwise,0.0971829891204834,0.0971829891204834,,1
5.0,16.0,16.0,8.0,64.0,fp32,dense,0.11062502861022949,0.11062502861022949,,1
5.0,16.0,16.0,8.0,64.0,fp32,depthwise,0.11961579322814941,0.11961579322814941,,1
5.0,16.0,16.0,8.0,128.0,fp32,dense,0.40001392364501953,0.40001392364501953,,1
5.0,16.0,16.0,8.0,128.0,fp32,depthwise,0.7909643650054932,0.7909643650054932,,1
5.0,16.0,16.0,64.0,64.0,fp32,dense,0.9147846698760986,0.9147846698760986,,1
5.0,16.0,16.0,64.0,64.0,fp32,depthwise,0.9118819236755371,0.9118819236755371,,1
5.0,16.0,16.0,64.0,128.0,fp32,dense,2.6181483268737793,2.6181483268737793,,1
5.0,16.0,16.0,64.0,128.0,fp32,depthwise,5.887898206710815,5.887898206710815,,1
5.0,32.0,32.0,1.0,64.0,fp32,dense,0.09512782096862793,0.09512782096862793,,1
5.0,32.0,32.0,1.0,64.0,fp32,depthwise,0.06967782974243164,0.06967782974243164,,1
5.0,32.0,32.0,1.0,64.0,fp32_cpu,dense,1.720517873764038,1.720517873764038,,1
5.0,32.0,32.0,1.0,64.0,fp32_cpu,depthwise,0.38509249687194824,0.38509249687194824,,1
5.0,32.0,32.0,1.0,64.0,int8,dense,3.6848032474517822,3.6848032474517822,,1
5.0,32.0,32.0,1.0,64.0,int8,depthwise,0.7529211044311523,0.7529211044311523,,1
5.0,32.0,32.0,1.0,128.0,fp32,dense,0.12026309967041016,0.12026309967041016,,1
5.0,32.0,32.0,1.0,128.0,fp32,depthwise,0.19324898719787598,0.19324898719787598,,1
5.0,32.0,32.0,8.0,64.0,fp32,dense,0.2403557300567627,0.2403557300567627,,1
5.0,32.0,32.0,8.0,64.0,fp32,depthwise,0.2437913417816162,0.2437913417816162,,1
5.0,32.0,32.0,8.0,128.0,fp32,dense,0.8430230617523193,0.8430230617523193,,1
5.0,32.0,32.0,8.0,128.0,fp32,depthwise,1.5152764320373535,1.5152764320373535,,1
5.0,32.0,32.0,64.0,64.0,fp32,dense,1.5311110019683838,1.5311110019683838,,1
5.0,32.0,32.0,64.0,64.0,fp32,depthwise,1.8165969848632812,1.8165969848632812,,1
5.0,32.0,32.0,64.0,128.0,fp32,dense,4.6627724170684814,4.6627724170684814,,1
5.0,32.0,32.0,64.0,128.0,fp32,depthwise,11.871169805526733,11.871169805526733,,1
5.0,64.0,64.0,1.0,64.0,fp32,dense,0.16068100929260254,0.16068100929260254,,1
5.0,64.0,64.0,1.0,64.0,fp32,depthwise,0.06974458694458008,0.06974458694458008,,1
5.0,64.0,64.0,1.0,64.0,fp32_cpu,dense,5.995396375656128,5.995396375656128,,1
5.0,64.0,64.0,1.0,64.0,fp32_cpu,depthwise,0.5285215377807617,0.5285215377807617,,1
5.0,64.0,64.0,1.0,64.0,int8,dense,10.588843822479248,10.588843822479248,,1
5.0,64.0,64.0,1.0,64.0,int8,depthwise,1.2790024280548096,1.2790024280548096,,1
5.0,64.0,64.0,1.0,128.0,fp32,dense,0.5528950691223145,0.5528950691223145,,1
5.0,64.0,64.0,1.0,128.0,fp32,depthwise,0.42600035667419434,0.42600035667419434,,1
5.0,64.0,64.0,8.0,64.0,fp32,dense,0.8916723728179932,0.8916723728179932,,1
5.0,64.0,64.0,8.0,64.0,fp32,depthwise,0.5014634132385254,0.5014634132385254,,1
5.0,64.0,64.0,8.0,128.0,fp32,dense,3.1782031059265137,3.1782031059265137,,1
5.0,64.0,64.0,8.0,128.0,fp32,depthwise,3.028823137283325,3.028823137283325,,1
5.0,64.0,64.0,64.0,64.0,fp32,dense,3.278428316116333,3.278428316116333,,1
5.0,64.0,64.0,64.0,64.0,fp32,depthwise,3.5738706588745117,3.5738706588745117,,1
5.0,64.0,64.0,64.0,128.0,fp32,dense,10.311129093170166,10.311129093170166,,1
5.0,64.0,64.0,64.0,128.0,fp32,depthwise,23.932918310165405,23.932918310165405,,1
5.0,128.0,128.0,1.0,64.0,fp32,dense,0.46938180923461914,0.46938180923461914,,1
5.0,128.0,128.0,1.0,64.0,fp32,depthwise,0.15958070755004883,0.15958070755004883,,1
5.0,128.0,128.0,1.0,64.0,fp32_cpu,dense,24.032102823257446,24.032102823257446,,1
5.0,128.0,128.0,1.0,64.0,fp32_cpu,depthwise,1.915123462677002,1.915123462677002,,1
5.0,128.0,128.0,1.0,64.0,int8,dense,26.46819233894348,26.46819233894348,,1
5.0,128.0,128.0,1.0,64.0,int8,depthwise,2.457919120788574,2.457919120788574,,1
5.0,128.0,128.0,1.0,128.0,fp32,dense,1.768181324005127,1.768181324005127,,1
5.0,128.0,128.0,1.0,128.0,fp32,depthwise,0.8267927169799805,0.8267927169799805,,1
5.0,128.0,128.0,8.0,64.0,fp32,dense,3.1641030311584473,3.1641030311584473,,1
5.0,128.0,128.0,8.0,64.0,fp32,depthwise,0.9368932247161865,0.9368932247161865,,1
5.0,128.0,128.0,8.0,128.0,fp32,dense,12.562155723571777,12.562155723571777,,1
5.0,128.0,128.0,8.0,128.0,fp32,depthwise,5.99130392074585,5.99130392074585,,1
5.0,128.0,128.0,64.0,64.0,fp32,dense,7.521017789840698,7.521017789840698,,1
5.0,128.0,128.0,64.0,64.0,fp32,depthwise,7.130951881408691,7.130951881408691,,1
5.0,128.0,128.0,64.0,128.0,fp32,dense,24.424902200698853,24.424902200698853,,1
5.0,128.0,128.0,64.0,128.0,fp32,depthwise,48.13774228096008,48.13774228096008,,1
7.0,16.0,16.0,1.0,64.0,fp32,dense,0.09487271308898926,0.09487271308898926,,1
7.0,16.0,16.0,1.0,64.0,fp32,depthwise,0.06900548934936523,0.06900548934936523,,1
7.0,16.0,16.0,1.0,64.0,fp32_cpu,dense,1.6087126731872559,1.6087126731872559,,1
7.0,16.0,16.0,1.0,64.0,fp32_cpu,depthwise,0.47829151153564453,0.47829151153564453,,1
7.0,16.0,16.0,1.0,64.0,int8,dense,2.0764172077178955,2.0764172077178955,,1
7.0,16.0,16.0,1.0,64.0,int8,depthwise,0.9186387062072754,0.9186387062072754,,1
7.0,16.0,16.0,1.0,128.0,fp32,dense,0.12624621391296387,0.12624621391296387,,1
7.0,16.0,16.0,1.0,128.0,fp32,depthwise,0.16350030899047852,0.16350030899047852,,1
7.0,16.0,16.0,8.0,64.0,fp32,dense,0.25160789489746094,0.25160789489746094,,1
7.0,16.0,16.0,8.0,64.0,fp32,depthwise,0.1914668083190918,0.1914668083190918,,1
7.0,16.0,16.0,8.0,128.0,fp32,dense,0.8566880226135254,0.8566880226135254,,1
7.0,16.0,16.0,8.0,128.0,fp32,depthwise,1.2565863132476807,1.2565863132476807,,1
7.0,16.0,16.0,64.0,64.0,fp32,dense,0.9212422370910645,0.9212422370910645,,1
7.0,16.0,16.0,64.0,64.0,fp32,depthwise,1.480727195739746,1.480727195739746,,1
7.0,16.0,16.0,64.0,128.0,fp32,dense,2.6532399654388428,2.6532399654388428,,1
7.0,16.0,16.0,64.0,128.0,fp32,depthwise,9.760290384292603,9.760290384292603,,1
7.0,32.0,32.0,1.0,64.0,fp32,dense,0.14989852905273438,0.14989852905273438,,1
7.0,32.0,32.0,1.0,64.0,fp32,depthwise,0.06953239440917969,0.06953239440917969,,1
7.0,32.0,32.0,1.0,64.0,fp32_cpu,dense,3.099452257156372,3.099452257156372,,1
7.0,32.0,32.0,1.0,64.0,fp32_cpu,depthwise,0.5240845680236816,0.5240845680236816,,1
7.0,32.0,32.0,1.0,64.0,int8,dense,4.388701915740967,4.388701915740967,,1
7.0,32.0,32.0,1.0,64.0,int8,depthwise,0.9637022018432617,0.9637022018432617,,1
7.0,32.0,32.0,1.0,128.0,fp32,dense,0.29645800590515137,0.29645800590515137,,1
7.0,32.0,32.0,1.0,128.0,fp32,depthwise,0.36447644233703613,0.36447644233703613,,1
7.0,32.0,32.0,8.0,64.0,fp32,dense,0.521690845489502,0.521690845489502,,1
7.0,32.0,32.0,8.0,64.0,fp32,depthwise,0.3681623935699463,0.3681623935699463,,1
7.0,32.0,32.0,8.0,128.0,fp32,dense,1.7083120346069336,1.7083120346069336,,1
7.0,32.0,32.0,8.0,128.0,fp32,depthwise,2.469393014907837,2.469393014907837,,1
7.0,32.0,32.0,64.0,64.0,fp32,dense,1.571333408355713,1.571333408355713,,1
7.0,32.0,32.0,64.0,64.0,fp32,depthwise,2.916475534439087,2.916475534439087,,1
7.0,32.0,32.0,64.0,128.0,fp32,dense,4.731166362762451,4.731166362762451,,1
7.0,32.0,32.0,64.0,128.0,fp32,depthwise,19.400649070739746,19.400649070739746,,1
7.0,64.0,64.0,1.0,64.0,fp32,dense,0.37900686264038086,0.37900686264038086,,1
7.0,64.0,64.0,1.0,64.0,fp32,depthwise,0.0986325740814209,0.0986325740814209,,1
7.0,64.0,64.0,1.0,64.0,fp32_cpu,dense,11.421407461166382,11.421407461166382,,1
7.0,64.0,64.0,1.0,64.0,fp32_cpu,depthwise,0.6931722164154053,0.6931722164154053,,1
7.0,64.0,64.0,1.0,64.0,int8,dense,12.795473337173462,12.795473337173462,,1
7.0,64.0,64.0,1.0,64.0,int8,depthwise,1.7127454280853271,1.7127454280853271,,1
7.0,64.0,64.0,1.0,128.0,fp32,dense,1.0085737705230713,1.0085737705230713,,1
7.0,64.0,64.0,1.0,128.0,fp32,depthwise,0.655663013458252,0.655663013458252,,1
7.0,64.0,64.0,8.0,64.0,fp32,dense,1.9198179244995117,1.9198179244995117,,1
7.0,64.0,64.0,8.0,64.0,fp32,depthwise,0.8122599124908447,0.8122599124908447,,1
7.0,64.0,64.0,8.0,128.0,fp32,dense,6.3560426235198975,6.3560426235198975,,1
7.0,64.0,64.0,8.0,128.0,fp32,depthwise,4.899415969848633,4.899415969848633,,1
7.0,64.0,64.0,64.0,64.0,fp32,dense,3.389153480529785,3.389153480529785,,1
7.0,64.0,64.0,64.0,64.0,fp32,depthwise,5.863090753555298,5.863090753555298,,1
7.0,64.0,64.0,64.0,128.0,fp32,dense,10.419641733169556,10.419641733169556,,1
7.0,64.0,64.0,64.0,128.0,fp32,depthwise,39.02074337005615,39.02074337005615,,1
7.0,128.0,128.0,1.0,64.0,fp32,dense,1.0477662086486816,1.0477662086486816,,1
7.0,128.0,128.0,1.0,64.0,fp32,depthwise,0.1987755298614502,0.1987755298614502,,1
7.0,128.0,128.0,1.0,64.0,fp32_cpu,dense,48.61385941505432,48.61385941505432,,1
7.0,128.0,128.0,1.0,64.0,fp32_cpu,depthwise,1.1341798305511475,1.1341798305511475,,1
7.0,128.0,128.0,1.0,64.0,int8,dense,49.60665464401245,49.60665464401245,,1
7.0,128.0,128.0,1.0,64.0,int8,depthwise,3.259061574935913,3.259061574935913,,1
7.0,128.0,128.0,1.0,128.0,fp32,dense,3.500596284866333,3.500596284866333,,1
7.0,128.0,128.0,1.0,128.0,fp32,depthwise,1.2477493286132812,1.2477493286132812,,1
7.0,128.0,128.0,8.0,64.0,fp32,dense,6.5793681144714355,6.5793681144714355,,1
7.0,128.0,128.0,8.0,64.0,fp32,depthwise,1.4879810810089111,1.4879810810089111,,1
7.0,128.0,128.0,8.0,128.0,fp32,dense,24.61426854133606,24.61426854133606,,1
7.0,128.0,128.0,8.0,128.0,fp32,depthwise,9.76132869720459,9.76132869720459,,1
7.0,128.0,128.0,64.0,64.0,fp32,dense,7.796489000320435,7.796489000320435,,1
7.0,128.0,128.0,64.0,64.0,fp32,depthwise,11.74137830734253,11.74137830734253,,1
7.0,128.0,128.0,64.0,128.0,fp32,dense,23.76675844192505,23.76675844192505,,1
7.0,128.0,128.0,64.0,128.0,fp32,depthwise,78.09225678443909,78.09225678443909,,1
9.0,16.0,16.0,1.0,64.0,fp32,dense,0.1415717601776123,0.1415717601776123,,1
9.0,16.0,16.0,1.0,64.0,fp32,depthwise,0.06887197494506836,0.06887197494506836,,1
9.0,16.0,16.0,1.0,64.0,fp32_cpu,dense,3.7802040576934814,3.7802040576934814,,1
9.0,16.0,16.0,1.0,64.0,fp32_cpu,depthwise,1.6306519508361816,1.6306519508361816,,1
9.0,16.0,16.0,1.0,64.0,int8,dense,2.7984869480133057,2.7984869480133057,,1
9.0,16.0,16.0,1.0,64.0,int8,depthwise,0.7583701610565186,0.7583701610565186,,1
9.0,16.0,16.0,1.0,128.0,fp32,dense,0.31525254249572754,0.31525254249572754,,1
9.0,16.0,16.0,1.0,128.0,fp32,depthwise,0.2980160713195801,0.2980160713195801,,1
9.0,16.0,16.0,8.0,64.0,fp32,dense,0.6309258937835693,0.6309258937835693,,1
9.0,16.0,16.0,8.0,64.0,fp32,depthwise,0.36918044090270996,0.36918044090270996,,1
9.0,16.0,16.0,8.0,128.0,fp32,dense,2.3066627979278564,2.3066627979278564,,1
9.0,16.0,16.0,8.0,128.0,fp32,depthwise,2.1857523918151855,2.1857523918151855,,1
9.0,16.0,16.0,64.0,64.0,fp32,dense,0.8553087711334229,0.8553087711334229,,1
9.0,16.0,16.0,64.0,64.0,fp32,depthwise,2.6630401611328125,2.6630401611328125,,1
9.0,16.0,16.0,64.0,128.0,fp32,dense,3.3686482906341553,3.3686482906341553,,1
9.0,16.0,16.0,64.0,128.0,fp32,depthwise,17.135345935821533,17.135345935821533,,1
9.0,32.0,32.0,1.0,64.0,fp32,dense,0.27510523796081543,0.27510523796081543,,1
9.0,32.0,32.0,1.0,64.0,fp32,depthwise,0.1036679744720459,0.1036679744720459,,1
9.0,32.0,32.0,1.0,64.0,fp32_cpu,dense,9.831070899963379,9.831070899963379,,1
9.0,32.0,32.0,1.0,64.0,fp32_cpu,depthwise,3.073601722717285,3.073601722717285,,1
9.0,32.0,32.0,1.0,64.0,int8,dense,5.6441569328308105,5.6441569328308105,,1
9.0,32.0,32.0,1.0,64.0,int8,depthwise,1.246044635772705,1.246044635772705,,1
9.0,32.0,32.0,1.0,128.0,fp32,dense,0.8345460891723633,0.8345460891723633,,1
9.0,32.0,32.0,1.0,128.0,fp32,depthwise,0.5972516536712646,0.5972516536712646,,1
9.0,32.0,32.0,8.0,64.0,fp32,dense,1.3138282299041748,1.3138282299041748,,1
9.0,32.0,32.0,8.0,64.0,fp32,depthwise,0.7207274436950684,0.7207274436950684,,1
9.0,32.0,32.0,8.0,128.0,fp32,dense,4.552751779556274,4.552751779556274,,1
9.0,32.0,32.0,8.0,128.0,fp32,depthwise,4.3027520179748535,4.3027520179748535,,1
9.0,32.0,32.0,64.0,64.0,fp32,dense,1.4171767234802246,1.4171767234802246,,1
9.0,32.0,32.0,64.0,64.0,fp32,depthwise,5.553483963012695,5.553483963012695,,1
9.0,32.0,32.0,64.0,128.0,fp32,dense,5.812391042709351,5.812391042709351,,1
9.0,32.0,32.0,64.0,128.0,fp32,depthwise,34.240909814834595,34.240909814834595,,1
9.0,64.0,64.0,1.0,64.0,fp32,dense,0.5502235889434814,0.5502235889434814,,1
9.0,64.0,64.0,1.0,64.0,fp32,depthwise,0.18559694290161133,0.18559694290161133,,1
9.0,64.0,64.0,1.0,64.0,fp32_cpu,dense,31.701987981796265,31.701987981796265,,1
9.0,64.0,64.0,1.0,64.0,fp32_cpu,depthwise,5.998769998550415,5.998769998550415,,1
9.0,64.0,64.0,1.0,64.0,int8,dense,20.977871417999268,20.977871417999268,,1
9.0,64.0,64.0,1.0,64.0,int8,depthwise,2.291351556777954,2.291351556777954,,1
9.0,64.0,64.0,1.0,128.0,fp32,dense,1.4766228199005127,1.4766228199005127,,1
9.0,64.0,64.0,1.0,128.0,fp32,depthwise,1.1265838146209717,1.1265838146209717,,1
9.0,64.0,64.0,8.0,64.0,fp32,dense,2.6462948322296143,2.6462948322296143,,1
9.0,64.0,64.0,8.0,64.0,fp32,depthwise,1.4292490482330322,1.4292490482330322,,1
9.0,64.0,64.0,8.0,128.0,fp32,dense,9.365097284317017,9.365097284317017,,1
9.0,64.0,64.0,8.0,128.0,fp32,depthwise,8.578768968582153,8.578768968582153,,1
9.0,64.0,64.0,64.0,64.0,fp32,dense,3.0661261081695557,3.0661261081695557,,1
9.0,64.0,64.0,64.0,64.0,fp32,depthwise,10.893231630325317,10.893231630325317,,1
9.0,64.0,64.0,64.0,128.0,fp32,dense,13.055427074432373,13.055427074432373,,1
9.0,64.0,64.0,64.0,128.0,fp32,depthwise,68.48190307617188,68.48190307617188,,1
9.0,128.0,128.0,1.0,64.0,fp32,dense,1.5336012840270996,1.5336012840270996,,1
9.0,128.0,128.0,1.0,64.0,fp32,depthwise,0.38426995277404785,0.38426995277404785,,1
9.0,128.0,128.0,1.0,64.0,fp32_cpu,dense,226.43698692321777,226.43698692321777,,1
9.0,128.0,128.0,1.0,64.0,fp32_cpu,depthwise,11.724917888641357,11.724917888641357,,1
9.0,128.0,128.0,1.0,64.0,int8,dense,165.7081639766693,165.7081639766693,,1
9.0,128.0,128.0,1.0,64.0,int8,depthwise,5.8522796630859375,5.8522796630859375,,1
9.0,128.0,128.0,1.0,128.0,fp32,dense,5.194642543792725,5.194642543792725,,1
9.0,128.0,128.0,1.0,128.0,fp32,depthwise,2.150944471359253,2.150944471359253,,1
9.0,128.0,128.0,8.0,64.0,fp32,dense,9.5620858669281,9.5620858669281,,1
9.0,128.0,128.0,8.0,64.0,fp32,depthwise,2.789515256881714,2.789515256881714,,1
9.0,128.0,128.0,8.0,128.0,fp32,dense,36.25043511390686,36.25043511390686,,1
9.0,128.0,128.0,8.0,128.0,fp32,depthwise,17.157647609710693,17.157647609710693,,1
9.0,128.0,128.0,64.0,64.0,fp32,dense,7.5527119636535645,7.5527119636535645,,1
9.0,128.0,128.0,64.0,64.0,fp32,depthwise,22.369481325149536,22.369481325149536,,1
9.0,128.0,128.0,64.0,128.0,fp32,dense,31.73459529876709,31.73459529876709,,1
9.0,128.0,128.0,64.0,128.0,fp32,depthwise,137.19749331474304,137.19749331474304,,1
11.0,16.0,16.0,1.0,64.0,fp32,dense,0.21366357803344727,0.21366357803344727,,1
11.0,16.0,16.0,1.0,64.0,fp32,depthwise,0.14503002166748047,0.14503002166748047,,1
11.0,16.0,16.0,1.0,64.0,fp32_cpu,dense,4.7119176387786865,4.7119176387786865,,1
11.0,16.0,16.0,1.0,64.0,fp32_cpu,depthwise,2.3409605026245117,2.3409605026245117,,1
11.0,16.0,16.0,1.0,64.0,int8,dense,3.284052610397339,3.284052610397339,,1
11.0,16.0,16.0,1.0,64.0,int8,depthwise,0.9514248371124268,0.9514248371124268,,1
11.0,16.0,16.0,1.0,128.0,fp32,dense,0.6182873249053955,0.6182873249053955,,1
11.0,16.0,16.0,1.0,128.0,fp32,depthwise,0.41303277015686035,0.41303277015686035,,1
11.0,16.0,16.0,8.0,64.0,fp32,dense,0.9437835216522217,0.9437835216522217,,1
11.0,16.0,16.0,8.0,64.0,fp32,depthwise,0.46817898750305176,0.46817898750305176,,1
11.0,16.0,16.0,8.0,128.0,fp32,dense,3.3777356147766113,3.3777356147766113,,1
11.0,16.0,16.0,8.0,128.0,fp32,depthwise,2.723705768585205,2.723705768585205,,1
11.0,16.0,16.0,64.0,64.0,fp32,dense,0.8814263343811035,0.8814263343811035,,1
11.0,16.0,16.0,64.0,64.0,fp32,depthwise,3.5065579414367676,3.5065579414367676,,1
11.0,16.0,16.0,64.0,128.0,fp32,dense,3.4567463397979736,3.4567463397979736,,1
11.0,16.0,16.0,64.0,128.0,fp32,depthwise,21.511741876602173,21.511741876602173,,1
11.0,32.0,32.0,1.0,64.0,fp32,dense,0.4253196716308594,0.4253196716308594,,1
11.0,32.0,32.0,1.0,64.0,fp32,depthwise,0.13365507125854492,0.13365507125854492,,1
11.0,32.0,32.0,1.0,64.0,fp32_cpu,dense,31.682571172714233,31.682571172714233,,1
11.0,32.0,32.0,1.0,64.0,fp32_cpu,depthwise,4.404349327087402,4.404349327087402,,1
11.0,32.0,32.0,1.0,64.0,int8,dense,7.593406438827515,7.593406438827515,,1
11.0,32.0,32.0,1.0,64.0,int8,depthwise,2.6251566410064697,2.6251566410064697,,1
11.0,32.0,32.0,1.0,128.0,fp32,dense,1.0298502445220947,1.0298502445220947,,1
11.0,32.0,32.0,1.0,128.0,fp32,depthwise,0.7061564922332764,0.7061564922332764,,1
11.0,32.0,32.0,8.0,64.0,fp32,dense,1.9837665557861328,1.9837665557861328,,1
11.0,32.0,32.0,8.0,64.0,fp32,depthwise,0.9479224681854248,0.9479224681854248,,1
11.0,32.0,32.0,8.0,128.0,fp32,dense,6.728940010070801,6.728940010070801,,1
11.0,32.0,32.0,8.0,128.0,fp32,depthwise,5.391209125518799,5.391209125518799,,1
11.0,32.0,32.0,64.0,64.0,fp32,dense,1.4950346946716309,1.4950346946716309,,1
11.0,32.0,32.0,64.0,64.0,fp32,depthwise,7.366592884063721,7.366592884063721,,1
11.0,32.0,32.0,64.0,128.0,fp32,dense,6.061578989028931,6.061578989028931,,1
11.0,32.0,32.0,64.0,128.0,fp32,depthwise,42.733060121536255,42.733060121536255,,1
11.0,64.0,64.0,1.0,64.0,fp32,dense,0.8401525020599365,0.8401525020599365,,1
11.0,64.0,64.0,1.0,64.0,fp32,depthwise,0.24463295936584473,0.24463295936584473,,1
11.0,64.0,64.0,1.0,64.0,fp32_cpu,dense,62.067962884902954,62.067962884902954,,1
11.0,64.0,64.0,1.0,64.0,fp32_cpu,depthwise,8.90323281288147,8.90323281288147,,1
11.0,64.0,64.0,1.0,64.0,int8,dense,63.86128902435303,63.86128902435303,,1
11.0,64.0,64.0,1.0,64.0,int8,depthwise,3.051103353500366,3.051103353500366,,1
11.0,64.0,64.0,1.0,128.0,fp32,dense,2.2677040100097656,2.2677040100097656,,1
11.0,64.0,64.0,1.0,128.0,fp32,depthwise,1.3673639297485352,1.3673639297485352,,1
11.0,64.0,64.0,8.0,64.0,fp32,dense,3.9740049839019775,3.9740049839019775,,1
11.0,64.0,64.0,8.0,64.0,fp32,depthwise,1.8763351440429688,1.8763351440429688,,1
11.0,64.0,64.0,8.0,128.0,fp32,dense,13.860617876052856,13.860617876052856,,1
11.0,64.0,64.0,8.0,128.0,fp32,depthwise,10.632177591323853,10.632177591323853,,1
11.0,64.0,64.0,64.0,64.0,fp32,dense,3.2448482513427734,3.2448482513427734,,1
11.0,64.0,64.0,64.0,64.0,fp32,depthwise,14.717098474502563,14.717098474502563,,1
11.0,64.0,64.0,64.0,128.0,fp32,dense,13.662095069885254,13.662095069885254,,1
11.0,64.0,64.0,64.0,128.0,fp32,depthwise,84.69686388969421,84.69686388969421,,1
11.0,128.0,128.0,1.0,64.0,fp32,dense,2.2995400428771973,2.2995400428771973,,1
11.0,128.0,128.0,1.0,64.0,fp32,depthwise,0.5180251598358154,0.5180251598358154,,1
11.0,128.0,128.0,1.0,64.0,fp32_cpu,dense,190.4843044281006,190.4843044281006,,1
11.0,128.0,128.0,1.0,64.0,fp32_cpu,depthwise,17.46761441230774,17.46761441230774,,1
11.0,128.0,128.0,1.0,64.0,int8,dense,136.2442946434021,136.2442946434021,,1
11.0,128.0,128.0,1.0,64.0,int8,depthwise,12.992923259735107,12.992923259735107,,1
11.0,128.0,128.0,1.0,128.0,fp32,dense,7.678567171096802,7.678567171096802,,1
11.0,128.0,128.0,1.0,128.0,fp32,depthwise,2.673358917236328,2.673358917236328,,1
11.0,128.0,128.0,8.0,64.0,fp32,dense,14.5533287525177,14.5533287525177,,1
11.0,128.0,128.0,8.0,64.0,fp32,depthwise,3.6904144287109375,3.6904144287109375,,1
11.0,128.0,128.0,8.0,128.0,fp32,dense,54.62063193321228,54.62063193321228,,1
11.0,128.0,128.0,8.0,128.0,fp32,depthwise,21.294206380844116,21.294206380844116,,1
11.0,128.0,128.0,64.0,64.0,fp32,dense,7.919095754623413,7.919095754623413,,1
11.0,128.0,128.0,64.0,64.0,fp32,depthwise,29.298821687698364,29.298821687698364,,1
11.0,128.0,128.0,64.0,128.0,fp32,dense,32.99252390861511,32.99252390861511,,1
11.0,128.0,128.0,64.0,128.0,fp32,depthwise,169.8635709285736,169.8635709285736,,1
