phase,experiment,model,stage,runtime,host,git_hash,path,top1,size_mb
,_pcad_fp32,alexnet_fire_bypass_fpga,fp32/qat_wino,local,tupi3,688bd0f62be5fdfb283605f6f978f8a07ab31dab,outputs/local/_pcad_fp32/alexnet_fire_bypass_fpga/results/alexnet_fire_bypass_fpga_summary.json,45.01,2.008363723754883
,_pcad_fp32,vgg_style_fpga,fp32/qat_wino,local,tupi6,4e91e778d30b8d477b218b96a53f9bbf1098f508,outputs/local/_pcad_fp32/vgg_style_fpga/results/vgg_style_fpga_summary.json,53.23,9.20461654663086
phase_6,phase_6_hardware_profiling,(sweep),profile,local,NVIDIA GeForce RTX 4060 Laptop GPU,,outputs/local/phase_6_hardware_profiling/nvidia_geforce_rtx_4060_laptop_gpu_rafael_predator_phn16_71_profile.json,,
phase_8,phase_8_efficient_vit_convstem,swin_pico_convstem,fp32/qat/int8,local,,,outputs/local/phase_8_efficient_vit_convstem/swin_pico_convstem/results/swin_pico_convstem_summary.json,41.8,0.7226495742797852
phase_8,phase_8_efficient_vit_convstem,vit_tiny_convstem,fp32/qat/int8,local,,,outputs/local/phase_8_efficient_vit_convstem/vit_tiny_convstem/results/vit_tiny_convstem_summary.json,49.62,5.581674575805664
,wino_f23_pack,alexnet_fire_bypass_fpga,fp32/qat_wino,local,tupi3,688bd0f62be5fdfb283605f6f978f8a07ab31dab,outputs/local/wino_f23_pack/alexnet_fire_bypass_fpga/results/alexnet_fire_bypass_fpga_summary.json,45.01,2.008363723754883
,wino_f23_pack,alexnet_fire_bypass_fpga,qat_wino,local,rafael-Predator-PHN16-71,0a71fcea1f228225761ea764f59f4dab36e213a4,outputs/local/wino_f23_pack/alexnet_fire_bypass_fpga/results/alexnet_fire_bypass_fpga_qat_wino_summary.json,,
,wino_f23_pack,vgg_style_fpga,fp32/qat_wino,local,tupi6,4e91e778d30b8d477b218b96a53f9bbf1098f508,outputs/local/wino_f23_pack/vgg_style_fpga/results/vgg_style_fpga_summary.json,53.23,9.20461654663086
,wino_f23_pack,vgg_style_fpga,qat_wino,local,rafael-Predator-PHN16-71,94fd1dd6225ea43720c7a700dacba382383a2316,outputs/local/wino_f23_pack/vgg_style_fpga/results/vgg_style_fpga_qat_wino_summary.json,,
,wino_f43_pack,alexnet_fire_bypass_fpga,fp32/qat_wino,local,tupi3,688bd0f62be5fdfb283605f6f978f8a07ab31dab,outputs/local/wino_f43_pack/alexnet_fire_bypass_fpga/results/alexnet_fire_bypass_fpga_summary.json,45.01,2.008363723754883
,wino_f43_pack,alexnet_fire_bypass_fpga,qat_wino,local,rafael-Predator-PHN16-71,94fd1dd6225ea43720c7a700dacba382383a2316,outputs/local/wino_f43_pack/alexnet_fire_bypass_fpga/results/alexnet_fire_bypass_fpga_qat_wino_summary.json,,
,wino_f43_pack,vgg_style_fpga,fp32/qat_wino,local,tupi6,4e91e778d30b8d477b218b96a53f9bbf1098f508,outputs/local/wino_f43_pack/vgg_style_fpga/results/vgg_style_fpga_summary.json,53.23,9.20461654663086
,wino_f43_pack,vgg_style_fpga,qat_wino,local,rafael-Predator-PHN16-71,94fd1dd6225ea43720c7a700dacba382383a2316,outputs/local/wino_f43_pack/vgg_style_fpga/results/vgg_style_fpga_qat_wino_summary.json,,
,wino_f63_pack,alexnet_fire_bypass_fpga,fp32/qat_wino,local,tupi3,688bd0f62be5fdfb283605f6f978f8a07ab31dab,outputs/local/wino_f63_pack/alexnet_fire_bypass_fpga/results/alexnet_fire_bypass_fpga_summary.json,45.01,2.008363723754883
,wino_f63_pack,alexnet_fire_bypass_fpga,qat_wino,local,rafael-Predator-PHN16-71,94fd1dd6225ea43720c7a700dacba382383a2316,outputs/local/wino_f63_pack/alexnet_fire_bypass_fpga/results/alexnet_fire_bypass_fpga_qat_wino_summary.json,,
,wino_f63_pack,vgg_style_fpga,fp32/qat_wino,local,tupi6,4e91e778d30b8d477b218b96a53f9bbf1098f508,outputs/local/wino_f63_pack/vgg_style_fpga/results/vgg_style_fpga_summary.json,53.23,9.20461654663086
,wino_f63_pack,vgg_style_fpga,qat_wino,local,rafael-Predator-PHN16-71,94fd1dd6225ea43720c7a700dacba382383a2316,outputs/local/wino_f63_pack/vgg_style_fpga/results/vgg_style_fpga_qat_wino_summary.json,,
phase_2,phase_2_kernel_restriction,alexnet_2x2_fc,fp32,notebooks,,,outputs/notebooks/phase_2_kernel_restriction/alexnet_2x2_fc_meta.json,30.68,
phase_2,phase_2_kernel_restriction,alexnet_2x2_fc,qat,notebooks,,,outputs/notebooks/phase_2_kernel_restriction/qat_alexnet_2x2_fc_meta.json,32.05,
phase_2,phase_2_kernel_restriction,alexnet_2x2_gap,fp32,notebooks,,,outputs/notebooks/phase_2_kernel_restriction/alexnet_2x2_gap_meta.json,33.24,
phase_2,phase_2_kernel_restriction,alexnet_2x2_gap,qat,notebooks,,,outputs/notebooks/phase_2_kernel_restriction/qat_alexnet_2x2_gap_meta.json,31.14,
phase_2,phase_2_kernel_restriction,alexnet_3x3_fc,fp32,notebooks,,,outputs/notebooks/phase_2_kernel_restriction/alexnet_3x3_fc_meta.json,34.13,
phase_2,phase_2_kernel_restriction,alexnet_3x3_fc,qat,notebooks,,,outputs/notebooks/phase_2_kernel_restriction/qat_alexnet_3x3_fc_meta.json,35.36,
phase_2,phase_2_kernel_restriction,alexnet_3x3_gap,fp32,notebooks,,,outputs/notebooks/phase_2_kernel_restriction/alexnet_3x3_gap_meta.json,43.01,
phase_2,phase_2_kernel_restriction,alexnet_3x3_gap,qat,notebooks,,,outputs/notebooks/phase_2_kernel_restriction/qat_alexnet_3x3_gap_meta.json,43.65,
phase_2,phase_2_kernel_restriction,alexnet_mixed,fp32,notebooks,,,outputs/notebooks/phase_2_kernel_restriction/alexnet_mixed_meta.json,38.7,
phase_2,phase_2_kernel_restriction,alexnet_mixed,qat,notebooks,,,outputs/notebooks/phase_2_kernel_restriction/qat_alexnet_mixed_meta.json,38.87,
phase_2,phase_2_kernel_restriction,alexnet_stacked,fp32,notebooks,,,outputs/notebooks/phase_2_kernel_restriction/alexnet_stacked_meta.json,45.31,
phase_2,phase_2_kernel_restriction,alexnet_stacked,qat,notebooks,,,outputs/notebooks/phase_2_kernel_restriction/qat_alexnet_stacked_meta.json,44.71,
phase_2,phase_2_kernel_restriction,alexnet_tv,fp32,notebooks,,,outputs/notebooks/phase_2_kernel_restriction/alexnet_tv_meta.json,32.26,
phase_2,phase_2_kernel_restriction,alexnet_tv,qat,notebooks,,,outputs/notebooks/phase_2_kernel_restriction/qat_alexnet_tv_meta.json,26.43,
phase_3,phase_3_compensation_and_hybrids,alexnet_factorized,fp32,notebooks,,,outputs/notebooks/phase_3_compensation_and_hybrids/alexnet_factorized_meta.json,43.04,
phase_3,phase_3_compensation_and_hybrids,alexnet_factorized,qat,notebooks,,,outputs/notebooks/phase_3_compensation_and_hybrids/qat_alexnet_factorized_meta.json,43.13,
phase_3,phase_3_compensation_and_hybrids,alexnet_groupconv,fp32,notebooks,,,outputs/notebooks/phase_3_compensation_and_hybrids/alexnet_groupconv_meta.json,29.21,
phase_3,phase_3_compensation_and_hybrids,alexnet_groupconv,qat,notebooks,,,outputs/notebooks/phase_3_compensation_and_hybrids/qat_alexnet_groupconv_meta.json,28.45,
phase_3,phase_3_compensation_and_hybrids,alexnet_residual,fp32,notebooks,,,outputs/notebooks/phase_3_compensation_and_hybrids/alexnet_residual_meta.json,48.06,
phase_3,phase_3_compensation_and_hybrids,alexnet_residual,qat,notebooks,,,outputs/notebooks/phase_3_compensation_and_hybrids/qat_alexnet_residual_meta.json,48.26,
phase_3,phase_3_compensation_and_hybrids,alexnet_se,fp32,notebooks,,,outputs/notebooks/phase_3_compensation_and_hybrids/alexnet_se_meta.json,0.43,
phase_4,phase_4_5_large_scale,alexnet_bottleneck,fp32,notebooks,,,outputs/notebooks/phase_3_compensation_and_hybrids/alexnet_bottleneck_meta.json,48.92,
phase_4,phase_4_5_large_scale,alexnet_bottleneck,qat,notebooks,,,outputs/notebooks/phase_3_compensation_and_hybrids/qat_alexnet_bottleneck_meta.json,49.74,
phase_4,phase_4_5_large_scale,alexnet_depthwisesep,fp32,notebooks,,,outputs/notebooks/phase_3_compensation_and_hybrids/alexnet_depthwisesep_meta.json,45.28,
phase_4,phase_4_5_large_scale,alexnet_depthwisesep,qat,notebooks,,,outputs/notebooks/phase_3_compensation_and_hybrids/qat_alexnet_depthwisesep_meta.json,43.13,
phase_4,phase_4_5_large_scale,alexnet_final_bottleneck_fire,fp32,notebooks,,,outputs/notebooks/phase_4_compression_and_final_architecture/alexnet_final_bottleneck_fire_meta.json,49.81,
phase_4,phase_4_5_large_scale,alexnet_final_bottleneck_fire,qat,notebooks,,,outputs/notebooks/phase_4_compression_and_final_architecture/qat_alexnet_final_bottleneck_fire_meta.json,50.87,
phase_4,phase_4_5_large_scale,alexnet_final_bottleneck_residual,fp32,notebooks,,,outputs/notebooks/phase_4_compression_and_final_architecture/alexnet_final_bottleneck_residual_meta.json,50.04,
phase_4,phase_4_5_large_scale,alexnet_final_bottleneck_residual,qat,notebooks,,,outputs/notebooks/phase_4_compression_and_final_architecture/qat_alexnet_final_bottleneck_residual_meta.json,51.36,
phase_4,phase_4_5_large_scale,alexnet_final_depthwise_fire,fp32,notebooks,,,outputs/notebooks/phase_4_compression_and_final_architecture/alexnet_final_depthwise_fire_meta.json,43.97,
phase_4,phase_4_5_large_scale,alexnet_final_depthwise_fire,qat,notebooks,,,outputs/notebooks/phase_4_compression_and_final_architecture/qat_alexnet_final_depthwise_fire_meta.json,45.52,
phase_4,phase_4_5_large_scale,alexnet_fire,fp32,notebooks,,,outputs/notebooks/phase_3_compensation_and_hybrids/alexnet_fire_meta.json,51.23,
phase_4,phase_4_5_large_scale,alexnet_fire,qat,notebooks,,,outputs/notebooks/phase_3_compensation_and_hybrids/qat_alexnet_fire_meta.json,52.68,
phase_4,phase_4_5_large_scale,alexnet_small_kernel,fp32,notebooks,,,outputs/notebooks/phase_2_kernel_restriction/alexnet_small_kernel_meta.json,48.99,
phase_4,phase_4_5_large_scale,alexnet_small_kernel,qat,notebooks,,,outputs/notebooks/phase_2_kernel_restriction/qat_alexnet_small_kernel_meta.json,49.28,
phase_4,phase_4_compression_and_final_architecture,alexnet_final_fire_residual,fp32,notebooks,,,outputs/notebooks/phase_4_compression_and_final_architecture/alexnet_final_fire_residual_meta.json,49.78,
phase_4,phase_4_compression_and_final_architecture,alexnet_final_fire_residual,qat,notebooks,,,outputs/notebooks/phase_4_compression_and_final_architecture/qat_alexnet_final_fire_residual_meta.json,49.65,
phase_4,phase_4_compression_and_final_architecture,binary_qat_alexnet_bottleneck,fp32,notebooks,,,outputs/notebooks/phase_4_compression_and_final_architecture/binary_qat_alexnet_bottleneck_meta.json,12.19,
phase_4,phase_4_compression_and_final_architecture,binary_qat_alexnet_depthwisesep,fp32,notebooks,,,outputs/notebooks/phase_4_compression_and_final_architecture/binary_qat_alexnet_depthwisesep_meta.json,4.59,
phase_4,phase_4_compression_and_final_architecture,binary_qat_alexnet_final_fire_residual,fp32,notebooks,,,outputs/notebooks/phase_4_compression_and_final_architecture/binary_qat_alexnet_final_fire_residual_meta.json,16.89,
phase_4,phase_4_compression_and_final_architecture,binary_qat_alexnet_fire,fp32,notebooks,,,outputs/notebooks/phase_4_compression_and_final_architecture/binary_qat_alexnet_fire_meta.json,15.81,
phase_4,phase_4_compression_and_final_architecture,binary_qat_mobilenetv2,fp32,notebooks,,,outputs/notebooks/phase_4_compression_and_final_architecture/binary_qat_mobilenetv2_meta.json,3.47,
phase_4,phase_4_compression_and_final_architecture,int2_qat_alexnet_bottleneck,fp32,notebooks,,,outputs/notebooks/phase_4_compression_and_final_architecture/int2_qat_alexnet_bottleneck_meta.json,19.97,
phase_4,phase_4_compression_and_final_architecture,int2_qat_alexnet_depthwisesep,fp32,notebooks,,,outputs/notebooks/phase_4_compression_and_final_architecture/int2_qat_alexnet_depthwisesep_meta.json,9.5,
phase_4,phase_4_compression_and_final_architecture,int2_qat_alexnet_final_fire_residual,fp32,notebooks,,,outputs/notebooks/phase_4_compression_and_final_architecture/int2_qat_alexnet_final_fire_residual_meta.json,29.11,
phase_4,phase_4_compression_and_final_architecture,int2_qat_alexnet_fire,fp32,notebooks,,,outputs/notebooks/phase_4_compression_and_final_architecture/int2_qat_alexnet_fire_meta.json,27.32,
phase_4,phase_4_compression_and_final_architecture,int2_qat_mobilenetv2,fp32,notebooks,,,outputs/notebooks/phase_4_compression_and_final_architecture/int2_qat_mobilenetv2_meta.json,0.93,
phase_4,phase_4_compression_and_final_architecture,int4_qat_alexnet_bottleneck,fp32,notebooks,,,outputs/notebooks/phase_4_compression_and_final_architecture/int4_qat_alexnet_bottleneck_meta.json,44.46,
phase_4,phase_4_compression_and_final_architecture,int4_qat_alexnet_depthwisesep,fp32,notebooks,,,outputs/notebooks/phase_4_compression_and_final_architecture/int4_qat_alexnet_depthwisesep_meta.json,41.38,
phase_4,phase_4_compression_and_final_architecture,int4_qat_alexnet_fire,fp32,notebooks,,,outputs/notebooks/phase_4_compression_and_final_architecture/int4_qat_alexnet_fire_meta.json,44.41,
phase_4,phase_4_compression_and_final_architecture,mixed_alexnet_bottleneck,fp32,notebooks,,,outputs/notebooks/phase_4_compression_and_final_architecture/mixed_alexnet_bottleneck_meta.json,44.77,
phase_4,phase_4_compression_and_final_architecture,mixed_alexnet_depthwisesep,fp32,notebooks,,,outputs/notebooks/phase_4_compression_and_final_architecture/mixed_alexnet_depthwisesep_meta.json,44.35,
phase_4,phase_4_compression_and_final_architecture,mixed_alexnet_fire,fp32,notebooks,,,outputs/notebooks/phase_4_compression_and_final_architecture/mixed_alexnet_fire_meta.json,44.79,
phase_4,phase_4_compression_and_final_architecture,ternary_qat_alexnet_bottleneck,fp32,notebooks,,,outputs/notebooks/phase_4_compression_and_final_architecture/ternary_qat_alexnet_bottleneck_meta.json,31.44,
phase_4,phase_4_compression_and_final_architecture,ternary_qat_alexnet_depthwisesep,fp32,notebooks,,,outputs/notebooks/phase_4_compression_and_final_architecture/ternary_qat_alexnet_depthwisesep_meta.json,15.33,
phase_4,phase_4_compression_and_final_architecture,ternary_qat_alexnet_final_fire_residual,fp32,notebooks,,,outputs/notebooks/phase_4_compression_and_final_architecture/ternary_qat_alexnet_final_fire_residual_meta.json,36.59,
phase_4,phase_4_compression_and_final_architecture,ternary_qat_alexnet_fire,fp32,notebooks,,,outputs/notebooks/phase_4_compression_and_final_architecture/ternary_qat_alexnet_fire_meta.json,32.96,
phase_4,phase_4_compression_and_final_architecture,ternary_qat_mobilenetv2,fp32,notebooks,,,outputs/notebooks/phase_4_compression_and_final_architecture/ternary_qat_mobilenetv2_meta.json,14.39,
phase_8,phase_8_efficient_vit,deit_tiny,fp32,notebooks,,,outputs/notebooks/phase_8_efficient_vit/deit_tiny_meta.json,46.45,
phase_8,phase_8_efficient_vit,deit_tiny,qat,notebooks,,,outputs/notebooks/phase_8_efficient_vit/qat_deit_tiny_meta.json,48.62,
phase_8,phase_8_efficient_vit,vit_tiny,fp32,notebooks,,,outputs/notebooks/phase_8_efficient_vit/vit_tiny_meta.json,40.48,
phase_8,phase_8_efficient_vit,vit_tiny,qat,notebooks,,,outputs/notebooks/phase_8_efficient_vit/qat_vit_tiny_meta.json,43.24,
,budget_unico,alexnet_3x3_fc_fpga,fp32/qat_wino,pcad,tupi1,688bd0f62be5fdfb283605f6f978f8a07ab31dab,outputs/pcad/budget_unico/alexnet_3x3_fc_fpga/results/alexnet_3x3_fc_fpga_summary.json,36.24,219.75095176696777
,budget_unico,alexnet_3x3_fc_fpga,qat_wino,pcad,tupi1,688bd0f62be5fdfb283605f6f978f8a07ab31dab,outputs/pcad/budget_unico/alexnet_3x3_fc_fpga/results/alexnet_3x3_fc_fpga_qat_wino_summary.json,,
,budget_unico,alexnet_bottleneck_fpga,fp32/qat_wino,pcad,tupi1,688bd0f62be5fdfb283605f6f978f8a07ab31dab,outputs/pcad/budget_unico/alexnet_bottleneck_fpga/results/alexnet_bottleneck_fpga_summary.json,42.85,1.5090351104736328
,budget_unico,alexnet_bottleneck_fpga,qat_wino,pcad,tupi1,688bd0f62be5fdfb283605f6f978f8a07ab31dab,outputs/pcad/budget_unico/alexnet_bottleneck_fpga/results/alexnet_bottleneck_fpga_qat_wino_summary.json,,
,budget_unico,alexnet_final_bottleneck_residual_fpga,fp32/qat_wino,pcad,tupi3,688bd0f62be5fdfb283605f6f978f8a07ab31dab,outputs/pcad/budget_unico/alexnet_final_bottleneck_residual_fpga/results/alexnet_final_bottleneck_residual_fpga_summary.json,43.26,1.4678707122802734
,budget_unico,alexnet_final_bottleneck_residual_fpga,qat_wino,pcad,tupi3,688bd0f62be5fdfb283605f6f978f8a07ab31dab,outputs/pcad/budget_unico/alexnet_final_bottleneck_residual_fpga/results/alexnet_final_bottleneck_residual_fpga_qat_wino_summary.json,,
,budget_unico,alexnet_final_fire_residual_fpga,fp32/qat_wino,pcad,tupi6,688bd0f62be5fdfb283605f6f978f8a07ab31dab,outputs/pcad/budget_unico/alexnet_final_fire_residual_fpga/results/alexnet_final_fire_residual_fpga_summary.json,44.33,1.9907588958740234
,budget_unico,alexnet_final_fire_residual_fpga,qat_wino,pcad,tupi6,688bd0f62be5fdfb283605f6f978f8a07ab31dab,outputs/pcad/budget_unico/alexnet_final_fire_residual_fpga/results/alexnet_final_fire_residual_fpga_qat_wino_summary.json,,
,budget_unico,alexnet_fire_bypass_fpga,fp32/qat_wino,pcad,tupi3,688bd0f62be5fdfb283605f6f978f8a07ab31dab,outputs/pcad/budget_unico/alexnet_fire_bypass_fpga/results/alexnet_fire_bypass_fpga_summary.json,45.01,2.008363723754883
,budget_unico,alexnet_fire_bypass_fpga,qat_wino,pcad,tupi3,688bd0f62be5fdfb283605f6f978f8a07ab31dab,outputs/pcad/budget_unico/alexnet_fire_bypass_fpga/results/alexnet_fire_bypass_fpga_qat_wino_summary.json,,
,budget_unico,alexnet_fire_fpga,fp32/qat_wino,pcad,tupi6,688bd0f62be5fdfb283605f6f978f8a07ab31dab,outputs/pcad/budget_unico/alexnet_fire_fpga/results/alexnet_fire_fpga_summary.json,44.78,2.007631301879883
,budget_unico,alexnet_fire_fpga,qat_wino,pcad,tupi6,688bd0f62be5fdfb283605f6f978f8a07ab31dab,outputs/pcad/budget_unico/alexnet_fire_fpga/results/alexnet_fire_fpga_qat_wino_summary.json,,
,budget_unico,alexnet_stacked_fpga,fp32/qat_wino,pcad,tupi1,4e91e778d30b8d477b218b96a53f9bbf1098f508,outputs/pcad/budget_unico/alexnet_stacked_fpga/results/alexnet_stacked_fpga_summary.json,44.84,230.76478576660156
,budget_unico,alexnet_stacked_fpga,qat_wino,pcad,tupi1,4e91e778d30b8d477b218b96a53f9bbf1098f508,outputs/pcad/budget_unico/alexnet_stacked_fpga/results/alexnet_stacked_fpga_qat_wino_summary.json,,
,budget_unico,googlenet_fpga,fp32/qat_wino,pcad,tupi6,688bd0f62be5fdfb283605f6f978f8a07ab31dab,outputs/pcad/budget_unico/googlenet_fpga/results/googlenet_fpga_summary.json,56.73,22.38645362854004
,budget_unico,googlenet_fpga,qat_wino,pcad,tupi6,688bd0f62be5fdfb283605f6f978f8a07ab31dab,outputs/pcad/budget_unico/googlenet_fpga/results/googlenet_fpga_qat_wino_summary.json,,
,budget_unico,repvgg_a0_fpga,fp32/qat_wino,pcad,tupi6,688bd0f62be5fdfb283605f6f978f8a07ab31dab,outputs/pcad/budget_unico/repvgg_a0_fpga/results/repvgg_a0_fpga_summary.json,55.07,31.029468536376953
,budget_unico,repvgg_a0_fpga,qat_wino,pcad,tupi6,688bd0f62be5fdfb283605f6f978f8a07ab31dab,outputs/pcad/budget_unico/repvgg_a0_fpga/results/repvgg_a0_fpga_qat_wino_summary.json,,
,budget_unico,resnet18_fpga,fp32/qat_wino,pcad,tupi1,688bd0f62be5fdfb283605f6f978f8a07ab31dab,outputs/pcad/budget_unico/resnet18_fpga/results/resnet18_fpga_summary.json,54.85,43.17728233337402
,budget_unico,resnet18_fpga,qat_wino,pcad,tupi1,688bd0f62be5fdfb283605f6f978f8a07ab31dab,outputs/pcad/budget_unico/resnet18_fpga/results/resnet18_fpga_qat_wino_summary.json,,
,budget_unico,vgg13_fpga,fp32/qat_wino,pcad,tupi3,688bd0f62be5fdfb283605f6f978f8a07ab31dab,outputs/pcad/budget_unico/vgg13_fpga/results/vgg13_fpga_summary.json,50.53,231.10154914855957
,budget_unico,vgg13_fpga,qat_wino,pcad,tupi3,688bd0f62be5fdfb283605f6f978f8a07ab31dab,outputs/pcad/budget_unico/vgg13_fpga/results/vgg13_fpga_qat_wino_summary.json,,
,budget_unico,vgg_style_fpga,fp32/qat_wino,pcad,tupi6,4e91e778d30b8d477b218b96a53f9bbf1098f508,outputs/pcad/budget_unico/vgg_style_fpga/results/vgg_style_fpga_summary.json,53.23,9.20461654663086
,budget_unico,vgg_style_fpga,qat_wino,pcad,tupi6,4e91e778d30b8d477b218b96a53f9bbf1098f508,outputs/pcad/budget_unico/vgg_style_fpga/results/vgg_style_fpga_qat_wino_summary.json,,
,budget_unico,wrn_16_4_fpga,fp32/qat_wino,pcad,tupi3,688bd0f62be5fdfb283605f6f978f8a07ab31dab,outputs/pcad/budget_unico/wrn_16_4_fpga/results/wrn_16_4_fpga_summary.json,56.08,10.721908569335938
,budget_unico,wrn_16_4_fpga,qat_wino,pcad,tupi3,688bd0f62be5fdfb283605f6f978f8a07ab31dab,outputs/pcad/budget_unico/wrn_16_4_fpga/results/wrn_16_4_fpga_qat_wino_summary.json,,
,budget_unico,wrn_28_2_fpga,fp32/qat_wino,pcad,tupi6,688bd0f62be5fdfb283605f6f978f8a07ab31dab,outputs/pcad/budget_unico/wrn_28_2_fpga/results/wrn_28_2_fpga_summary.json,53.85,5.759366989135742
,budget_unico,wrn_28_2_fpga,qat_wino,pcad,tupi6,688bd0f62be5fdfb283605f6f978f8a07ab31dab,outputs/pcad/budget_unico/wrn_28_2_fpga/results/wrn_28_2_fpga_qat_wino_summary.json,,
,fire_bypass_large_scale,alexnet_fire_bypass,fp32/qat/int8,pcad,,,outputs/pcad/phase_9_bypass_ablation/fire_bypass_large_scale/alexnet_fire_bypass/results/alexnet_fire_bypass_summary.json,50.46,0.5543060302734375
phase_11,phase_11_head_bn_ablation,alexnet_mixed,fp32/qat/int8,pcad,tupi6,120c5dad6da3c59731e465479392acb9bad9fe2f,outputs/pcad/phase_11_head_bn_ablation/alexnet_mixed/results/alexnet_mixed_summary.json,45.37,1.7057991027832031
phase_11,phase_11_head_bn_ablation,alexnet_mixed_bn,fp32/qat/int8,pcad,tupi1,120c5dad6da3c59731e465479392acb9bad9fe2f,outputs/pcad/phase_11_head_bn_ablation/alexnet_mixed_bn/results/alexnet_mixed_bn_summary.json,48.24,1.7068614959716797
phase_11,phase_11_head_bn_ablation,alexnet_mixed_fc,fp32/qat/int8,pcad,tupi2,120c5dad6da3c59731e465479392acb9bad9fe2f,outputs/pcad/phase_11_head_bn_ablation/alexnet_mixed_fc/results/alexnet_mixed_fc_summary.json,37.33,54.59817314147949
phase_11,phase_11_head_bn_ablation,alexnet_mixed_fc_bn,fp32/qat/int8,pcad,tupi4,120c5dad6da3c59731e465479392acb9bad9fe2f,outputs/pcad/phase_11_head_bn_ablation/alexnet_mixed_fc_bn/results/alexnet_mixed_fc_bn_summary.json,40.06,54.59938049316406
phase_11,phase_11_head_bn_ablation,alexnet_smallkernel_fc,fp32/qat/int8,pcad,tupi2,120c5dad6da3c59731e465479392acb9bad9fe2f,outputs/pcad/phase_11_head_bn_ablation/alexnet_smallkernel_fc/results/alexnet_smallkernel_fc_summary.json,45.55,54.45416450500488
phase_11,phase_11_head_bn_ablation,alexnet_stacked,fp32/qat/int8,pcad,tupi3,120c5dad6da3c59731e465479392acb9bad9fe2f,outputs/pcad/phase_11_head_bn_ablation/alexnet_stacked/results/alexnet_stacked_summary.json,49.39,57.94136619567871
phase_11,phase_11_head_bn_ablation,alexnet_stacked_fc_nobn,fp32/qat/int8,pcad,tupi4,120c5dad6da3c59731e465479392acb9bad9fe2f,outputs/pcad/phase_11_head_bn_ablation/alexnet_stacked_fc_nobn/results/alexnet_stacked_fc_nobn_summary.json,0.33,57.897090911865234
phase_11,phase_11_head_bn_ablation,alexnet_stacked_gap,fp32/qat/int8,pcad,tupi3,120c5dad6da3c59731e465479392acb9bad9fe2f,outputs/pcad/phase_11_head_bn_ablation/alexnet_stacked_gap/results/alexnet_stacked_gap_summary.json,53.49,5.049558639526367
phase_11,phase_11_head_bn_ablation,alexnet_stacked_gap_nobn,fp32/qat/int8,pcad,tupi1,120c5dad6da3c59731e465479392acb9bad9fe2f,outputs/pcad/phase_11_head_bn_ablation/alexnet_stacked_gap_nobn/results/alexnet_stacked_gap_nobn_summary.json,48.94,5.004796981811523
phase_11,phase_11_head_bn_ablation,alexnet_tv_mixed_alt_gap,fp32/qat/int8,pcad,tupi3,120c5dad6da3c59731e465479392acb9bad9fe2f,outputs/pcad/phase_11_head_bn_ablation/alexnet_tv_mixed_alt_gap/results/alexnet_tv_mixed_alt_gap_summary.json,28.06,1.5682964324951172
phase_11,phase_11_head_bn_ablation,alexnet_tv_mixed_early3_gap,fp32/qat/int8,pcad,tupi5,120c5dad6da3c59731e465479392acb9bad9fe2f,outputs/pcad/phase_11_head_bn_ablation/alexnet_tv_mixed_early3_gap/results/alexnet_tv_mixed_early3_gap_summary.json,28.42,1.4521102905273438
phase_11,phase_11_kernel_size_comparison,alexnet_tv_2x2,fp32/qat/int8,pcad,tupi3,120c5dad6da3c59731e465479392acb9bad9fe2f,outputs/pcad/phase_11_kernel_size_comparison/alexnet_tv_2x2/results/alexnet_tv_2x2_summary.json,25.18,53.933549880981445
phase_11,phase_11_kernel_size_comparison,alexnet_tv_3x3,fp32/qat/int8,pcad,tupi6,120c5dad6da3c59731e465479392acb9bad9fe2f,outputs/pcad/phase_11_kernel_size_comparison/alexnet_tv_3x3/results/alexnet_tv_3x3_summary.json,26.62,55.125871658325195
phase_11,phase_11_kernel_size_comparison,alexnet_tv_scratch,fp32/qat/int8,pcad,tupi2,4e91e778d30b8d477b218b96a53f9bbf1098f508,outputs/pcad/phase_11_kernel_size_comparison/alexnet_tv_scratch/results/alexnet_tv_scratch_summary.json,27.63,55.33408546447754
phase_11,phase_11_kernel_size_comparison,alexnet_tv_scratch_dead_heinit,fp32/qat/int8,pcad,tupi2,120c5dad6da3c59731e465479392acb9bad9fe2f,outputs/pcad/phase_11_kernel_size_comparison/alexnet_tv_scratch_dead_heinit/results/alexnet_tv_scratch_summary.json,0.41,55.33408546447754
phase_11,phase_11_kernel_size_comparison,vgg16,fp32/qat/int8,pcad,tupi4,29dcc9c4eab704ccb4b5f6f728211ffff1c89aa7,outputs/pcad/phase_11_kernel_size_comparison/vgg16/results/vgg16_summary.json,47.74,129.14983558654785
phase_11,phase_11_kernel_size_comparison,vgg16_2x2,fp32/qat/int8,pcad,tupi3,3ee4b9d09b80af26acdee5c195a9c62acfe37e8b,outputs/pcad/phase_11_kernel_size_comparison/vgg16_2x2/results/vgg16_2x2_summary.json,54.29,121.35651588439941
phase_11,phase_11_kernel_size_comparison,vgg16_original,fp32/qat/int8,pcad,tupi4,688bd0f62be5fdfb283605f6f978f8a07ab31dab,outputs/pcad/phase_11_kernel_size_comparison/vgg16_original/results/vgg16_summary.json,47.74,129.14971351623535
phase_11,phase_11_mixed_kernel_comparison,alexnet_2x2_gap,fp32/qat/int8,pcad,tupi6,120c5dad6da3c59731e465479392acb9bad9fe2f,outputs/pcad/phase_11_mixed_kernel_comparison/alexnet_2x2_gap/results/alexnet_2x2_gap_summary.json,40.32,1.0408782958984375
phase_11,phase_11_mixed_kernel_comparison,alexnet_3x3_gap,fp32/qat/int8,pcad,tupi5,120c5dad6da3c59731e465479392acb9bad9fe2f,outputs/pcad/phase_11_mixed_kernel_comparison/alexnet_3x3_gap/results/alexnet_3x3_gap_summary.json,46.95,2.2332000732421875
phase_11,phase_11_mixed_kernel_comparison,alexnet_mixed_preheinit,fp32/qat/int8,pcad,tupi5,7ce8fe15d4eaa941fa393ae6e2d31c9e00fa4b96,outputs/pcad/phase_11_mixed_kernel_comparison/alexnet_mixed_preheinit/results/alexnet_mixed_summary.json,45.47,1.7057991027832031
phase_11,phase_11_mixed_kernel_comparison,alexnet_smallkernel,fp32/qat/int8,pcad,tupi4,120c5dad6da3c59731e465479392acb9bad9fe2f,outputs/pcad/phase_11_mixed_kernel_comparison/alexnet_smallkernel/results/alexnet_smallkernel_summary.json,50.55,1.5618057250976562
phase_11,phase_11_mixed_kernel_comparison,alexnet_stacked_preheinit,fp32/qat/int8,pcad,tupi3,120c5dad6da3c59731e465479392acb9bad9fe2f,outputs/pcad/phase_11_mixed_kernel_comparison/alexnet_stacked_preheinit/results/alexnet_stacked_summary.json,49.61,57.94136619567871
phase_11,phase_11_mixed_kernel_comparison,alexnet_tv_mixed_alt,fp32/qat/int8,pcad,tupi1,120c5dad6da3c59731e465479392acb9bad9fe2f,outputs/pcad/phase_11_mixed_kernel_comparison/alexnet_tv_mixed_alt/results/alexnet_tv_mixed_alt_summary.json,24.99,54.461172103881836
phase_11,phase_11_mixed_kernel_comparison,alexnet_tv_mixed_early2,fp32/qat/int8,pcad,tupi5,120c5dad6da3c59731e465479392acb9bad9fe2f,outputs/pcad/phase_11_mixed_kernel_comparison/alexnet_tv_mixed_early2/results/alexnet_tv_mixed_early2_summary.json,24.74,54.715187072753906
phase_11,phase_11_mixed_kernel_comparison,alexnet_tv_mixed_early2_dead_seed42,fp32/qat/int8,pcad,tupi2,120c5dad6da3c59731e465479392acb9bad9fe2f,outputs/pcad/phase_11_mixed_kernel_comparison/alexnet_tv_mixed_early2_dead_seed42/results/alexnet_tv_mixed_early2_summary.json,0.34,54.715187072753906
phase_4,phase_4_5_large_scale,alexnet_bottleneck,fp32/qat/int8,pcad,,,outputs/pcad/archive_legacy_phases/phase_4_5_large_scale/alexnet_bottleneck/results/alexnet_bottleneck_summary.json,48.92,0.43222999572753906
phase_4,phase_4_5_large_scale,alexnet_depthwisesep,fp32/qat/int8,pcad,,,outputs/pcad/archive_legacy_phases/phase_4_5_large_scale/alexnet_depthwisesep/results/alexnet_depthwisesep_summary.json,45.28,0.3996391296386719
phase_4,phase_4_5_large_scale,alexnet_final_bottleneck_fire,fp32/qat/int8,pcad,,,outputs/pcad/archive_legacy_phases/phase_4_5_large_scale/alexnet_final_bottleneck_fire/results/alexnet_final_bottleneck_fire_summary.json,49.81,0.5461235046386719
phase_4,phase_4_5_large_scale,alexnet_final_bottleneck_residual,fp32/qat/int8,pcad,,,outputs/pcad/archive_legacy_phases/phase_4_5_large_scale/alexnet_final_bottleneck_residual/results/alexnet_final_bottleneck_residual_summary.json,50.04,0.6352424621582031
phase_4,phase_4_5_large_scale,alexnet_final_depthwise_fire,fp32/qat/int8,pcad,,,outputs/pcad/archive_legacy_phases/phase_4_5_large_scale/alexnet_final_depthwise_fire/results/alexnet_final_depthwise_fire_summary.json,43.97,0.5103664398193359
phase_4,phase_4_5_large_scale,alexnet_final_fire_residual,fp32/qat/int8,pcad,,,outputs/pcad/archive_legacy_phases/phase_4_5_large_scale/alexnet_final_fire_residual/results/alexnet_final_fire_residual_summary.json,51.77,0.7470588684082031
phase_4,phase_4_5_large_scale,alexnet_fire,fp32/qat/int8,pcad,,,outputs/pcad/archive_legacy_phases/phase_4_5_large_scale/alexnet_fire/results/alexnet_fire_summary.json,51.23,0.5532283782958984
phase_4,phase_4_5_large_scale,alexnet_smallkernel,fp32/qat/int8,pcad,,,outputs/pcad/archive_legacy_phases/phase_4_5_large_scale/alexnet_smallkernel/results/alexnet_smallkernel_summary.json,48.99,1.5618057250976562
phase_4,phase_4_5_large_scale,alexnet_tv,fp32/qat/int8,pcad,,,outputs/pcad/archive_legacy_phases/phase_4_5_large_scale/alexnet_tv/results/alexnet_tv_summary.json,29.61,55.3337345123291
phase_4,phase_4_5_large_scale,mobilenetv2,fp32/qat/int8,pcad,,,outputs/pcad/archive_legacy_phases/phase_4_5_large_scale/mobilenetv2/results/mobilenetv2_summary.json,57.48,3.0438594818115234
phase_4,phase_4_5_large_scale,resnet18tv,fp32/qat/int8,pcad,,,outputs/pcad/archive_legacy_phases/phase_4_5_large_scale/resnet18tv/results/resnet18tv_summary.json,53.42,10.969806671142578
phase_4,phase_4_5_large_scale,vgg_style,fp32/qat/int8,pcad,,,outputs/pcad/archive_legacy_phases/phase_4_5_large_scale/vgg_style/results/vgg_style_summary.json,51.76,2.3771228790283203
phase_6,phase_6_hardware_profiling,(sweep),profile,pcad,NVIDIA GeForce RTX 4090,,outputs/pcad/phase_6_hardware_profiling/backfill/nvidia_geforce_rtx_4090_tupi5_profile.json,,
phase_6,phase_6_hardware_profiling,(sweep),profile,pcad,NVIDIA GeForce RTX 4090,,outputs/pcad/phase_6_hardware_profiling/runs/nvidia_geforce_rtx_4090_tupi5_profile.json,,
phase_6,phase_6_hardware_profiling,(sweep),profile,pcad,NVIDIA GeForce GTX 1080 Ti,,outputs/pcad/phase_6_hardware_profiling/runs/nvidia_geforce_gtx_1080_ti_beagle_profile.json,,
phase_7,phase_7_detection,alexnet_bottleneck,fp32,pcad,,baa3528eb2799b9aa61a0cbfb918a6eed1f7f758,outputs/pcad/phase_7_detection_segmentation/ssd_alexnet_bottleneck_fp32_phase_7_detection,0.20983858406543732,5.757146835327148
phase_7,phase_7_detection,alexnet_bottleneck,fp32_pretrained,pcad,,ee6438bf33d637832f3c2b0837bfb75417d374ed,outputs/pcad/phase_7_detection_segmentation/ssd_alexnet_bottleneck_fp32_pretrained_phase_7_detection,0.20826536417007446,5.757146835327148
phase_7,phase_7_detection,alexnet_bottleneck,int8,pcad,,9476ae089cd9b547b3796198d0a55ee941b1afeb,outputs/pcad/phase_7_detection_segmentation/ssd_alexnet_bottleneck_int8_phase_7_detection,,3.1411304473876953
phase_7,phase_7_detection,alexnet_bottleneck,int8_pretrained,pcad,,ee6438bf33d637832f3c2b0837bfb75417d374ed,outputs/pcad/phase_7_detection_segmentation/ssd_alexnet_bottleneck_int8_pretrained_phase_7_detection,,3.1411304473876953
phase_7,phase_7_detection,alexnet_bottleneck,qat,pcad,,9476ae089cd9b547b3796198d0a55ee941b1afeb,outputs/pcad/phase_7_detection_segmentation/ssd_alexnet_bottleneck_qat_phase_7_detection,0.21003705263137817,5.935832977294922
phase_7,phase_7_detection,alexnet_bottleneck,qat_pretrained,pcad,,ee6438bf33d637832f3c2b0837bfb75417d374ed,outputs/pcad/phase_7_detection_segmentation/ssd_alexnet_bottleneck_qat_pretrained_phase_7_detection,0.2014501839876175,5.935832977294922
phase_7,phase_7_detection,alexnet_fire,fp32,pcad,,ee6438bf33d637832f3c2b0837bfb75417d374ed,outputs/pcad/phase_7_detection_segmentation/ssd_alexnet_fire_fp32_phase_7_detection,0.08937178552150726,6.256597518920898
phase_7,phase_7_detection,alexnet_fire,fp32_pretrained,pcad,,ee6438bf33d637832f3c2b0837bfb75417d374ed,outputs/pcad/phase_7_detection_segmentation/ssd_alexnet_fire_fp32_pretrained_phase_7_detection,0.08934561163187027,6.256597518920898
phase_7,phase_7_detection,alexnet_fire,int8,pcad,,159e1e2ab61fa0c431dfa3bb7b05431c324bfeea,outputs/pcad/phase_7_detection_segmentation/ssd_alexnet_fire_int8_phase_7_detection,,3.265073776245117
phase_7,phase_7_detection,alexnet_fire,int8_pretrained,pcad,,ee6438bf33d637832f3c2b0837bfb75417d374ed,outputs/pcad/phase_7_detection_segmentation/ssd_alexnet_fire_int8_pretrained_phase_7_detection,,3.265073776245117
phase_7,phase_7_detection,alexnet_fire,qat,pcad,,8b55e41c01c41ef7d2b1ea5152c31c1d97b72e2c,outputs/pcad/phase_7_detection_segmentation/ssd_alexnet_fire_qat_phase_7_detection,0.06376136094331741,6.442968368530273
phase_7,phase_7_detection,alexnet_fire,qat_pretrained,pcad,,ee6438bf33d637832f3c2b0837bfb75417d374ed,outputs/pcad/phase_7_detection_segmentation/ssd_alexnet_fire_qat_pretrained_phase_7_detection,0.07787453383207321,6.442968368530273
phase_7,phase_7_detection,alexnet_tv,fp32,pcad,,bea59260c7ad2d65f731a2f4b20edbb75b5cc65e,outputs/pcad/phase_7_detection_segmentation/ssd_alexnet_tv_fp32_phase_7_detection,0.1694234311580658,4.096242904663086
phase_7,phase_7_detection,alexnet_tv,fp32_pretrained,pcad,,bea59260c7ad2d65f731a2f4b20edbb75b5cc65e,outputs/pcad/phase_7_detection_segmentation/ssd_alexnet_tv_fp32_pretrained_phase_7_detection,0.18099139630794525,4.096242904663086
phase_7,phase_7_detection,alexnet_tv,int8,pcad,,9476ae089cd9b547b3796198d0a55ee941b1afeb,outputs/pcad/phase_7_detection_segmentation/ssd_alexnet_tv_int8_phase_7_detection,,2.2175731658935547
phase_7,phase_7_detection,alexnet_tv,int8_pretrained,pcad,,bea59260c7ad2d65f731a2f4b20edbb75b5cc65e,outputs/pcad/phase_7_detection_segmentation/ssd_alexnet_tv_int8_pretrained_phase_7_detection,,2.2175731658935547
phase_7,phase_7_detection,alexnet_tv,qat,pcad,,159e1e2ab61fa0c431dfa3bb7b05431c324bfeea,outputs/pcad/phase_7_detection_segmentation/ssd_alexnet_tv_qat_phase_7_detection,0.14732110500335693,4.173465728759766
phase_7,phase_7_detection,alexnet_tv,qat_pretrained,pcad,,bea59260c7ad2d65f731a2f4b20edbb75b5cc65e,outputs/pcad/phase_7_detection_segmentation/ssd_alexnet_tv_qat_pretrained_phase_7_detection,0.17237648367881775,4.173465728759766
phase_7,phase_7_segmentation,alexnet_bottleneck,fp32,pcad,,713d1450ce2a0c7790c76c55a1059917a193c291,outputs/pcad/phase_7_detection_segmentation/seg_alexnet_bottleneck_fp32_phase_7_segmentation,0.17837990820407867,12.129003524780273
phase_7,phase_7_segmentation,alexnet_bottleneck,int8,pcad,,713d1450ce2a0c7790c76c55a1059917a193c291,outputs/pcad/phase_7_detection_segmentation/seg_alexnet_bottleneck_int8_phase_7_segmentation,,11.190401077270508
phase_7,phase_7_segmentation,alexnet_bottleneck,qat,pcad,,713d1450ce2a0c7790c76c55a1059917a193c291,outputs/pcad/phase_7_detection_segmentation/seg_alexnet_bottleneck_qat_phase_7_segmentation,0.17900705337524414,12.235767364501953
phase_7,phase_7_segmentation,alexnet_fire,fp32,pcad,,713d1450ce2a0c7790c76c55a1059917a193c291,outputs/pcad/phase_7_detection_segmentation/seg_alexnet_fire_fp32_phase_7_segmentation,0.17027659714221954,12.628454208374023
phase_7,phase_7_segmentation,alexnet_fire,int8,pcad,,713d1450ce2a0c7790c76c55a1059917a193c291,outputs/pcad/phase_7_detection_segmentation/seg_alexnet_fire_int8_phase_7_segmentation,,11.31446647644043
phase_7,phase_7_segmentation,alexnet_fire,qat,pcad,,713d1450ce2a0c7790c76c55a1059917a193c291,outputs/pcad/phase_7_detection_segmentation/seg_alexnet_fire_qat_phase_7_segmentation,0.17122510075569153,12.742902755737305
phase_7,phase_7_segmentation,alexnet_tv,fp32,pcad,,713d1450ce2a0c7790c76c55a1059917a193c291,outputs/pcad/phase_7_detection_segmentation/seg_alexnet_tv_fp32_phase_7_segmentation,0.16337963938713074,10.262273788452148
phase_7,phase_7_segmentation,alexnet_tv,int8,pcad,,713d1450ce2a0c7790c76c55a1059917a193c291,outputs/pcad/phase_7_detection_segmentation/seg_alexnet_tv_int8_phase_7_segmentation,,9.323707580566406
phase_7,phase_7_segmentation,alexnet_tv,qat,pcad,,713d1450ce2a0c7790c76c55a1059917a193c291,outputs/pcad/phase_7_detection_segmentation/seg_alexnet_tv_qat_phase_7_segmentation,0.1632918417453766,10.278409004211426
phase_8,phase_8_efficient_vit,hybrid_bottleneck_swin,fp32/qat/int8,pcad,,,outputs/pcad/phase_8_efficient_vit/hybrid_bottleneck_swin/results/hybrid_bottleneck_swin_summary.json,40.19,0.5417499542236328
phase_8,phase_8_efficient_vit,swin_pico_poolmixer,fp32/qat/int8,pcad,,,outputs/pcad/phase_8_efficient_vit/swin_pico_poolmixer/results/swin_pico_poolmixer_summary.json,30.97,0.3046274185180664
phase_8,phase_8_efficient_vit,swin_pico_w2,fp32/qat/int8,pcad,,,outputs/pcad/phase_8_efficient_vit/swin_pico_w2/results/swin_pico_w2_summary.json,32.91,0.6686086654663086
phase_8,phase_8_efficient_vit,swin_pico_w4,fp32/qat/int8,pcad,,,outputs/pcad/phase_8_efficient_vit/swin_pico_w4/results/swin_pico_w4_summary.json,33.58,0.6777639389038086
phase_8,phase_8_efficient_vit,swin_pico_w8,fp32/qat/int8,pcad,,,outputs/pcad/phase_8_efficient_vit/swin_pico_w8/results/swin_pico_w8_summary.json,36.75,0.8030691146850586
